# Cache des modèles NCWE (rempli automatiquement) : chemin, taille, min, max, apparences, défaut
base\environment\architecture\city_center\corporate_plaza\cct_cpz_building_a_f_3m.mesh	3;0.24;8	-3;0;0	0;0.24;8	default,yellow,white_wall,white,green,yellow_cc,brighter_ep1	default
base\environment\architecture\city_center\corporate_plaza\cct_cpz_building_a_f_3m_h4m.mesh	3;0.24;4	-3;0;0	0;0.24;4	default,yellow,white_wall,white,green,yellow_cc,brighter_ep1	default
base\environment\architecture\city_center\corporate_plaza\cct_cpz_building_a_f_3m_h4m_corner.mesh	3.24;3.24;4	-3.24;-3;0	0;0.24;4	default,yellow,white_wall,white,green,yellow_cc,brighter_ep1	default
base\environment\architecture\city_center\corporate_plaza\cct_cpz_building_a_f_6m.mesh	6;0.24;8	-6;0;0	0;0.24;8	default,yellow,white_wall,white,green,yellow_cc,brighter_ep1	default
base\environment\architecture\city_center\corporate_plaza\cct_cpz_building_c_wall_transition_a.mesh	6;2.211;4	-6;-2;0	0;0.211;4	default,white	default
base\environment\architecture\city_center\corporate_plaza\cct_cpz_building_c_wall_transition_corner_c90_a.mesh	3.211;3.211;4	-3.211;-3;0	0;0.211;4	default	default
base\environment\architecture\common\int\int_common_a\int_common_a_floor_l300_a.mesh	3.005;3.005;0.2	-3.002;-3.002;-0.2	0.003;0.003;0	tiles_terracotta,carpet,linoleum,tiles_black_large,tiles_black_small,carpet_brown,tiles_white_large,yellow_carpet,red_carpet,Polished_Linoleum,Carpet_Wrinckles,Red_carpet_wrinckles,Linoleum_green,terracota_desat,tiles,tiles_grey,cyan_carpet_wrinkles,Corpo_Carpet,Corpo_Carpet_Bar,polished_lionoleum_orange,yellow_tiles,Corpo_Carpet_b,Marble_Gold_Dark,Wood,Linoleum_Yellow,tiles_chequer_piez,tiles_chequer_blue,tiles_chequer_bnw,linoleum_checker_bnw_worn,tiles_concrete_black,tiles_metal_steel,steel,Polished_linoleum_black,tiles_concrete_red,tile_linoleum_white,tile_linoleum_yellow_b,carpet_yellow_b,tile_linoleum_grey,Tiles_white_large_b,caliente	tiles_terracotta
base\environment\architecture\common\int\int_common_a\int_common_a_wall_h400_l300_a.mesh	3.01;0.23;3.8	-3.005;0;0	0.005;0.23;3.8	default,concrete_bare,tiles,paint_black,Cinderblock_painted,ml_int_common_walls_a_wallpaper_lizzies,old_brick,cinderblock_painted,concrete_black_matte,paper_old,Paint_yellow,kids_floral,kids_planes,black_wallpaper,lizzies_black,padded,squaretiles,terracottatiles,hospital_tiles,tiles_black,paint_grey,yellow_b,bricks_grey,paper_grey,bricks_white,bricks,concrete_black,paper_old_pink,paper_old_pink_b,squaretiles_green,ep1_magenta	default
base\environment\architecture\common\int\int_mlt_office_a\int_mlt_office_floor_a_l600.mesh	6;6;0.1	-6;-6;-0.1	0;0;0	default,marble_dark,marble_light	default
base\environment\architecture\common\int\int_mlt_office_a\int_mlt_office_floor_b_l300_w200.mesh	3;2;0.1	-3;-2;-0.1	0;0;0	default,marble_dark,marble_light	default
base\environment\architecture\common\int\int_nkt_apartment_a\int_nkt_apartment_a_ceiling_light_l300_aa.mesh	3;0.985;0.067	-3;-0.492;-0.037	0;0.492;0.031	default,blue,gold,off,kerry_villa,gold_dimmer,cold,cold_dim,blue_mid,blue_dim,q000_parking_lot,red,q005_konpeki,JPN_Toxic_Yellow,red_orange,white,blue_lizzis,dark_blue,sts_13_cages,sts_13_green,sts_13_blue,cold_mid,sts_13_neutral_blue,sts_13_neutral_blue_strong,sts_13_warm_yellow,sts_13_green_blue,sts_06_pink,white_no_rt	default
base\environment\architecture\common\int\int_nkt_jp_apartment_a\int_nkt_jp_apartment_a_wall_h800_l300_b.mesh	3;0.225;7.8	-3;0;0	0;0.225;7.8	default,marble_white,marble_black,stone_gray,wood_planks,plastic_white,plastic_red,gold,marble_red_a,marble_gray_a	default
base\environment\architecture\common\int\int_nkt_jp_apartment_a\int_nkt_jp_apartment_a_wall_l200_a.mesh	2;0.225;3.8	-2;0;0	0;0.225;3.8	default,marble_white,marble_black,stone_gray,wood_planks,concrete,plastic_white,plastic_red,marble_red_a,marble_gray_a	default
base\environment\architecture\common\int\int_nkt_jp_apartment_a\int_nkt_jp_apartment_a_window_h800_l300_door_frame_bottom_b.mesh	3;0.7;8	-3;-0.2;0	0;0.5;8	default,marble_white,marble_black,stone_gray,wood_planks,concrete,plastic_white,plastic_red,wood_dim_glass,konpeki_gmpl,wood_dim_glass_rain,wet_window	default
base\environment\architecture\westbrook\charter_hill\wbr_cha_building_a_wall_window_w300_h400_ac.mesh	3;0.5;4	-3;0;0	0;0.5;4	default,light_turn_on,clean,lch_office_blue,maelstrom_red,default_windows_off,transparent_glass	default
base\environment\architecture\westbrook\charter_hill\wbr_cha_building_a_wall_window_w600_h400_ag.mesh	6;0.5;4	-6;0;0	0;0.5;4	default,light_turn_on,clean,lch_office_blue,default_off	default
base\environment\architecture\westbrook\charter_hill\wbr_cha_building_b_wall_w300_h400_corner_convex_ac.mesh	3.502;3.503;4	-3.502;-3;0	0;0.503;4	default,clean,Yellow	default
base\environment\architecture\westbrook\charter_hill\wbr_cha_building_b_wall_w600_h400_ac.mesh	6;0.502;4	-6;0;0	0;0.502;4	default,clean,red,Yellow	default
base\environment\decoration\advertising\holograms\common\common_holograms_a.mesh	1;0;1	-0.5;0;-0.5	0.5;0;0.5	default,arrows,misc_a,misc_b,screen_ui,arrows_big,arrow_small,danger,danger_red,misc_c,commercial_a,commercial_b,commercial_c,commercial_d,commercial_e,commercial_f,misc_c_less_bright,militech_a,commercial_a_stadium,commercial_a_sts_06,ep1_ncart_h_a,ncart_map_glitch,ncart_map_bright,ep1_ncart_h_a_broken,ep1_ncart_v_a,ep1_ncart_v_a_broken,ncart_door_screen,ue_metro_interior_fluff_display,ue_metro_interior_fluff_display_2	default
base\environment\decoration\advertising\signage\city_deco_font\city_deco_font_orbitron_mesh_underscore.mesh	0.227;0.036;0.09	-0.113;0;-0.045	0.113;0.036;0.045	default,pink,red,orange,yellow,green,blue,white,dark_green,off,empathy,empathy_green,red_low,empathy_mid,dim,yellow_dim,empathy_green_mid,blue_mid,orange_mid,blue_dim,pink_dim,pink_mid,white_off,DTR,DTR_White,DTR_dim,empathy_red,empathy_blue	default
base\environment\decoration\advertising\signage\konpeki_plaza_facade_logo\konpeki_letters_a.mesh	0.209;0.04;0.247	-0.105;0;-0.003	0.105;0.04;0.244	ml_konpeki_plaza_facade_logo,neon_blue,neon_yellow,ml_konpeki_black,dandelion_bar,horus_club_letters_emissive,moth_bar_red,neon_yellow_mid,silver	ml_konpeki_plaza_facade_logo
base\environment\decoration\advertising\signage\konpeki_plaza_facade_logo\konpeki_letters_c.mesh	0.195;0.04;0.244	-0.097;0;-0.003	0.097;0.04;0.241	ml_konpeki_plaza_facade_logo,neon_blue,neon_yellow,ml_konpeki_black,dandelion_bar,desaturated_blue,desaturated_blue_off,silver,iron,horus_club_letters_emissive,moth_bar_red	ml_konpeki_plaza_facade_logo
base\environment\decoration\advertising\signage\konpeki_plaza_facade_logo\konpeki_letters_e.mesh	0.157;0.04;0.244	-0.078;0;-0.003	0.078;0.04;0.242	ml_konpeki_plaza_facade_logo,neon_blue,neon_yellow,sky_blue,desaturated_blue,silver,iron,horus_club_letters_emissive,yellow_green_emissive,moth_bar_red	ml_konpeki_plaza_facade_logo
base\environment\decoration\advertising\signage\konpeki_plaza_facade_logo\konpeki_letters_f.mesh	0.152;0.04;0.245	-0.076;0;-0.003	0.076;0.04;0.242	ml_konpeki_plaza_facade_logo,neon_blue,neon_yellow,sky_blue,silver,iron,horus_club_letters_emissive,moth_bar_red	ml_konpeki_plaza_facade_logo
base\environment\decoration\advertising\signage\konpeki_plaza_facade_logo\konpeki_letters_i.mesh	0.063;0.04;0.248	-0.031;0;-0.006	0.031;0.04;0.241	ml_konpeki_plaza_facade_logo,neon_blue,neon_yellow,dandelion_bar,sky_blue,horus_club_letters_emissive,moth_bar_red,neon_yellow_mid,silver,moth_bar_red_dim	ml_konpeki_plaza_facade_logo
base\environment\decoration\advertising\signage\konpeki_plaza_facade_logo\konpeki_letters_n.mesh	0.167;0.041;0.243	-0.084;0;-0.002	0.084;0.041;0.241	ml_konpeki_plaza_facade_logo,neon_blue,neon_yellow,sky_blue,silver,iron,horus_club_letters_emissive,moth_bar_red,neon_yellow_mid,moth_bar_red_dim	ml_konpeki_plaza_facade_logo
base\environment\decoration\advertising\signage\konpeki_plaza_facade_logo\konpeki_letters_o.mesh	0.209;0.04;0.244	-0.105;0;-0.003	0.105;0.04;0.241	ml_konpeki_plaza_facade_logo,neon_blue,neon_yellow,dandelion_bar,horus_club_green_yellow,horus_club_green,sky_blue,desaturated_blue,silver,iron,horus_club_letters_emissive,moth_bar_red,neon_yellow_mid	ml_konpeki_plaza_facade_logo
base\environment\decoration\advertising\signage\konpeki_plaza_facade_logo\konpeki_letters_r.mesh	0.161;0.04;0.244	-0.082;0;-0.003	0.079;0.04;0.241	ml_konpeki_plaza_facade_logo,neon_blue,neon_yellow,sky_blue,silver,iron,horus_club_letters_emissive,green_yellow_emissive,moth_bar_red	ml_konpeki_plaza_facade_logo
base\environment\decoration\advertising\signage\konpeki_plaza_facade_logo\konpeki_letters_s.mesh	0.162;0.04;0.244	-0.081;0;-0.003	0.081;0.04;0.241	ml_konpeki_plaza_facade_logo,neon_blue,neon_yellow,dandelion_bar,horus_club_letters_emissive,moth_bar_red,silver	ml_konpeki_plaza_facade_logo
base\environment\decoration\advertising\signage\konpeki_plaza_facade_logo\konpeki_letters_t.mesh	0.168;0.04;0.243	-0.084;0;-0.002	0.084;0.04;0.241	ml_konpeki_plaza_facade_logo,neon_blue,neon_yellow,dandelion_bar,sky_blue,silver,iron,horus_club_letters_emissive,moth_bar_red	ml_konpeki_plaza_facade_logo
base\environment\decoration\advertising\signage\konpeki_plaza_facade_logo\konpeki_letters_u.mesh	0.209;0.04;0.244	-0.105;0;-0.003	0.105;0.04;0.241	ml_konpeki_plaza_facade_logo,neon_blue,neon_yellow,sky_blue,silver,iron,horus_club_letters_emissive,moth_bar_red	ml_konpeki_plaza_facade_logo
base\environment\decoration\advertising\signage\locations_signages\signage_biotechnica_logo.mesh	2.443;0.16;2.43	-1.227;0;-1.21	1.216;0.16;1.22	default,emissive,emissive_dim,neutral	default
base\environment\decoration\containers\planter\planter_large\planter_large_01_ground_b.mesh	2;2;0.136	-1;-1;0	1;1;0.136	default,soil,gravel	default
base\environment\decoration\furniture\restaurant\bar_counter_02\bar_counter_02_c90_b.mesh	1.591;1.591;3.225	-1;-1.591;0	0.591;0;3.225	default	default
base\environment\decoration\furniture\restaurant\bar_counter_02\bar_counter_02_l200_a.mesh	0.798;2;3.225	-0.207;0;0	0.591;2;3.225	default	default
base\environment\decoration\furniture\restaurant\bar_lounge_chair\bar_lounge_chair_a.mesh	0.66;0.775;0.736	-0.33;-0.388;-0.003	0.33;0.388;0.733	default,default_no_emissive,violet	default
base\environment\decoration\furniture\restaurant\bar_sofa_01\bar_sofa_01_k_tall.mesh	1.004;0.902;1.516	-0.003;0.001;0	1.001;0.903;1.516	default,pink,cherry_red,black_no_emissive,strip_club,purple,red_orange_mid,red_orange_low,pink_strong,white_cold_dim,white_cold_mid,blue_dim,blue_mid,atlantis,deepBlue,pink_lizzies,dark_blue,violet	default
base\environment\decoration\furniture\restaurant\bar_stool\bar_stool_a.mesh	0.409;0.35;0.8	-0.234;-0.175;-0.001	0.175;0.175;0.799	default,metal,Black	default
base\environment\decoration\furniture\restaurant\bar_table\bar_table_a.mesh	1.046;1.046;0.797	-0.523;-0.523;0.001	0.523;0.523;0.799	default,yellow,green,red,off,JT_purple_dim,blue_mid,violet	default
base\environment\decoration\furniture\restaurant\bar_table\bar_table_f.mesh	1.051;1.596;0.803	-0.525;-0.798;-0.003	0.526;0.798;0.8	default,yellow,pink,violet	default
base\environment\decoration\furniture\restaurant\club_bar_cabinet\club_bar_cabinet_a_bottom_a.mesh	2;0.3;1	-2;0;0	0;0.3;1	default	default
base\environment\decoration\furniture\restaurant\club_bar_cabinet\club_bar_cabinet_a_top_a.mesh	2;0.3;2.03	-2;-0.04;0	0;0.26;2.03	default	default
base\environment\decoration\furniture\restaurant\tall_screens_decoration\wall_panel_decoration_a.mesh	0.5;0.353;2	-0.25;-0.08;-1	0.25;0.274;1	default	default
base\environment\vegetation\trees\joshua\joshua_big.mesh	4.569;5.374;6.797	-2.452;-2.136;-0.065	2.118;3.238;6.733	default	default
base\environment\vegetation\trees\joshua\joshua_med.mesh	3.874;4.491;5.781	-2.607;-2.634;-0.062	1.268;1.858;5.719	default	default
ep1\environment\architecture\c_pacifica\combat_zone\boulevard_av\combat_tower\int_combat_tower_ceiling_l400.mesh	4;4;0.065	0;-4;-0.065	4;0;0	default	default
