# Lieux de Cyberpunk 2077 extraits des fichiers du jeu : categorie, nom, x, y, z
Fast travel	101 Nord	-2496.54	3583.902	12.95
Fast travel	Aéroport régional	-1514.949	-5080.08	83.009
Fast travel	Afterlife	-1470.204	1063.664	22.688
Fast travel	Allée des Valentinos	-1610.903	-1179.621	24.891
Fast travel	Allen Street	-1064.305	1436.183	4.95
Fast travel	Allen Street Sud	-1088.162	1312.541	5.36
Fast travel	Almunecar & Jerez	59.337	-1926.511	2.517
Fast travel	Appartement de Corpo Plaza	-1598.536	347.492	8.22
Fast travel	Appartement de Japantown	-783.528	991.381	12.02
Fast travel	Appartement de Northside	-1475.522	2189.082	18.161
Fast travel	Appartement du Glen	-1522.87	-992.123	9.101
Fast travel	Appartements de luxe	-56.646	-48.609	7.178
Fast travel	Appartements de West Wind	-2658.186	-2488.381	18.038
Fast travel	Autowerks	-84.704	-4357.501	58.874
Fast travel	Barrage	879.585	-2990.628	204.612
Fast travel	Berkeley & Bay	-2232.638	-363.547	17.331
Fast travel	Berkeley & Bruce Skiv	-1860.686	674.926	10.717
Fast travel	Big Rock	4348.063	-722.26	147.836
Fast travel	Bradbury & Buran	-1555.255	1246.65	19.075
Fast travel	California & Cartwright	-2022.306	1640.833	9.108
Fast travel	California & Pershing	-2158.172	1992.251	18.188
Fast travel	Camp de nomades	1801.795	2247.826	180.181
Fast travel	Camp de Wraiths	3080.578	-2224.595	131.441
Fast travel	Camp mobile	3428.272	-361.902	134.071
Fast travel	Cannery Plaza	-2439.789	-536.759	6.902
Fast travel	Capitola Street	-519.661	1609.373	32.852
Fast travel	Centrale solaire	-175.441	-2612.342	28.604
Fast travel	Centre-ville	-2115.133	261.096	7.902
Fast travel	Centre-ville Nord	-1520.701	693.786	8.974
Fast travel	Chappelle	-1771.769	-1946.687	57.2
Fast travel	Charter Street	-846.894	1835.572	36.189
Fast travel	Clarendon Street	-1974.463	1179.303	12.14
Fast travel	College Street	-982.845	-597.318	8.204
Fast travel	Columbarium	154.044	577.06	117.249
Fast travel	Congress & Madison	-1222.505	-447.154	8.148
Fast travel	Corporation Street	-2402.854	-71.032	8.113
Fast travel	Creek Loop	-1054.572	1572.059	2.54
Fast travel	Crescent & Broad	-419.271	483.923	30.247
Fast travel	Dark Matter	-304.26	222.737	28.84
Fast travel	DIN : Est	-542.044	1856.396	36.304
Fast travel	DIN : Quais	-1868.444	2701.062	7.157
Fast travel	Domaine Arasaka	485.904	1223.149	229.254
Fast travel	Drake Avenue	-1608.028	1773.699	18.38
Fast travel	Drive-in	-72.893	1987.442	100.9
Fast travel	Dynalar	191.459	-281.72	6.869
Fast travel	El Coyote Cojo	-1328.772	-1003.597	12.35
Fast travel	Embers	-1774.87	-510.81	10.14
Fast travel	Far Ridge	4539.932	-2133.152	183.202
Fast travel	Ferme de protéines	-3479.606	-4184.591	68.034
Fast travel	Ferme d'Edgewood	2458.49	-1279.409	63.631
Fast travel	Ferme du Lac	912.664	-3497.518	184.085
Fast travel	Ferme solaire	-661.639	-3836.096	71.975
Fast travel	Fourth Wall Studios	-301.209	1088.126	65.655
Fast travel	Front de mer d'Arasaka Nord	-2249.875	2791.249	7.005
Fast travel	Front de mer de Mission	-1066.767	-1229.44	11.23
Fast travel	Gisements de pétrole	-1834.898	3718.379	7.017
Fast travel	Gold Niwaki Plaza	-229.912	306.827	29.549
Fast travel	Golden Pacific	-1876.905	-2459.822	35.69
Fast travel	Goldsmith Street	-1521.228	1551.967	18.2
Fast travel	Goldsmith Street	-1594.13	2385.24	18.2
Fast travel	Grand Imperial Mall	-2188.226	-2206.687	11.873
Fast travel	Halsey & MLK	-1754.533	185.383	16.681
Fast travel	Hargreaves Street	-682.424	-1252.619	8.972
Fast travel	Hôtel Batty's	-1861.233	-1935.816	48.514
Fast travel	I-9 Est	4963.213	-741.169	135.493
Fast travel	Japantown Ouest	-835.122	1334.069	22.44
Fast travel	Jetée de Pacifica	-1878.325	-1627.219	18.033
Fast travel	Jig-Jig Street	-644.578	886.107	19.91
Fast travel	Kabuki : Centre	-1183.839	1365.67	20.307
Fast travel	Kendal Park	364.357	-1688.581	9.439
Fast travel	Kennedy Nord	-1213.035	1881.311	22.5
Fast travel	Kress Street	-2221.064	-2558.824	16.61
Fast travel	Las Palapas Motel	-1355.68	-3701.427	55.504
Fast travel	Lele Park	-175.641	-83.403	7.201
Fast travel	Longshore Nord	-600.066	2582.429	53.8
Fast travel	Longshore Stacks	-2405.449	-2693.035	22.83
Fast travel	Longshore Sud	4.316	-344.058	8.244
Fast travel	Mallagra & Manzanita	311.639	-1420.298	15.11
Fast travel	Marché de Kabuki	-1159.438	2014.974	12.065
Fast travel	Marché de Redwood	-387.578	701.942	114.99
Fast travel	Marché des Fleurs de cerisier	-701.379	953.517	12.015
Fast travel	Marina de Gold Beach	-2393.804	88.893	12.247
Fast travel	Martin Street	-1419.765	2226.404	18.197
Fast travel	Mégabuilding H10 : Atrium	-1396.312	1277.963	123.077
Fast travel	Mégabuilding H11	-1382.784	1970.819	23.31
Fast travel	Mégabuilding H2	-2120.942	-1121.057	32.795
Fast travel	Mégabuilding H3	-1176.903	-916.702	12.873
Fast travel	Mégabuilding H4	-965.956	-1773.099	11.15
Fast travel	Mégabuilding H6	-209.462	-852.193	7.64
Fast travel	Mégabuilding H8	-703.667	762.977	32.714
Fast travel	Métro : Alexander Street	-2066.24	481.65	8.05
Fast travel	Métro : Alexander Street	-2066.24	471.26	8.05
Fast travel	Métro : Charter Hill	-98.684	85.059	40.269
Fast travel	Métro : Charter Hill	-114.395	117.456	12.395
Fast travel	Métro : Charter Hill	-95.651	82.889	40.269
Fast travel	Métro : Charter Hill	-133.025	130.514	12.395
Fast travel	Métro : Charter Hill	-130.462	128.717	12.395
Fast travel	Métro : Charter Hill	-117.056	119.322	12.395
Fast travel	Métro : Congress & MLK	-1034.441	-363.031	5.73
Fast travel	Métro : Congress & MLK	-1036.218	-365.534	5.73
Fast travel	Métro : Congress & MLK	-1023.103	-347.055	5.73
Fast travel	Métro : Congress & MLK	-1024.903	-349.591	5.73
Fast travel	Métro : Ebunike	-1573.558	-645.268	5.64
Fast travel	Métro : Ebunike	-1365.404	-657.711	5.843
Fast travel	Métro : Ebunike	-1365.044	-647.315	5.843
Fast travel	Métro : Eisenhower Street	-1769.531	1866.818	18.26
Fast travel	Métro : Eisenhower Street	-1772.206	1865.272	18.26
Fast travel	Métro : Ellison Plaza	-1386.738	1031.112	27.14
Fast travel	Métro : Ellison Plaza	-1387.662	1020.991	27.131
Fast travel	Métro : Ellison Plaza	-1397.093	1757.909	16.27
Fast travel	Métro : Farrier et Ferguson	-1605.158	1476.388	18.21
Fast travel	Métro : Farrier et Ferguson	-1608.246	1476.658	18.21
Fast travel	Métro : Glen Nord	-1553.95	-645.967	5.64
Fast travel	Métro : Glen Nord	-1570.47	-645.379	5.64
Fast travel	Métro : Glen Nord	-1550.863	-646.077	5.64
Fast travel	Métro : Glen Sud	-1590.073	-1304.678	47.98
Fast travel	Métro : Glen Sud	-1600.465	-1304.27	47.98
Fast travel	Métro : Japantown Sud	-578.054	189.276	22.27
Fast travel	Métro : Japantown Sud	-566.783	205.372	22.27
Fast travel	Métro : Japantown Sud	-565.016	207.895	22.27
Fast travel	Métro : Japantown Sud	-576.27	191.824	22.27
Fast travel	Métro : Med Center	-1419.736	1759.891	16.27
Fast travel	Métro : Med Center	-1400.171	1758.178	16.27
Fast travel	Métro : Mégabuilding H7	186.45	-1172.838	31.62
Fast travel	Métro : Mégabuilding H7	172.8	-1163.568	31.62
Fast travel	Métro : Mégabuilding H7	173.747	-1190.558	31.64
Fast travel	Métro : Mégabuilding H7	176.303	-1192.294	31.64
Fast travel	Métro : Mégabuilding H7	189.023	-1174.585	31.62
Fast travel	Métro : Mégabuilding H7	170.236	-1161.826	31.62
Fast travel	Métro : Mégabuilding H7	137.107	-1165.675	31.64
Fast travel	Métro : Mégabuilding H7	157.508	-1179.53	31.64
Fast travel	Métro : Mégabuilding H7	160.081	-1181.277	31.64
Fast travel	Métro : Mégabuilding H7	118.32	-1152.917	31.64
Fast travel	Métro : Mégabuilding H7	131.073	-1135.23	31.62
Fast travel	Métro : Mégabuilding H7	147.287	-1146.242	31.62
Fast travel	Métro : Mégabuilding H7	149.852	-1147.983	31.62
Fast travel	Métro : Mégabuilding H7	120.868	-1154.647	31.64
Fast travel	Métro : Mégabuilding H7	133.662	-1136.989	31.62
Fast travel	Métro : Mégabuilding H7	134.543	-1163.934	31.64
Fast travel	Métro : Mégabuilding H10	-1458.077	1180.389	45.97
Fast travel	Métro : Mégabuilding H10	-1458.048	1180.427	39.945
Fast travel	Métro : Memorial Park	-1340.432	-41.513	-3.85
Fast travel	Métro : Memorial Park	-1328.768	-39.665	-3.85
Fast travel	Métro : Memorial Park	-1337.588	-41.062	-3.85
Fast travel	Métro : Memorial Park	-1345.637	-83.369	-3.85
Fast travel	Métro : Memorial Park	-1352.186	-43.375	-3.85
Fast travel	Métro : Memorial Park	-1349.203	-42.902	-3.85
Fast travel	Métro : Memorial Park	-1342.654	-82.897	-3.85
Fast travel	Métro : Memorial Park	-1319.591	-79.244	-3.85
Fast travel	Métro : Memorial Park	-1331.068	-81.062	-3.85
Fast travel	Métro : Memorial Park	-1333.992	-81.525	-3.85
Fast travel	Métro : Memorial Park	-1322.456	-79.698	-3.85
Fast travel	Métro : Memorial Park	-1326.061	-39.237	-3.85
Fast travel	Métro : Monroe et Sagan	-532.463	1122.021	34.69
Fast travel	Métro : Monroe et Sagan	-526.515	1130.516	34.69
Fast travel	Métro : Pacifica - Stade	-1540.249	-1939.936	62.85
Fast travel	Métro : Pacifica - Stade	-1544.31	-1949.511	62.85
Fast travel	Métro : Sarasti et Republic	-1476.511	462.13	5.82
Fast travel	Métro : Sarasti et Republic	-1453.815	461.703	5.82
Fast travel	Métro : Sarasti et Republic	-1456.934	461.762	5.82
Fast travel	Métro : Sarasti et Republic	-1473.421	462.071	5.82
Fast travel	Métro : Wellsprings	-2120.23	-677.74	6.87
Fast travel	Métro : Wellsprings	-2120.23	-674.61	6.87
Fast travel	Métro : Wellsprings	-2120.23	-697.34	6.87
Fast travel	Métro : Wellsprings	-2120.23	-694.23	6.87
Fast travel	Métro : Wollesen Street	-1068.031	-1426.022	30.853
Fast travel	Métro : Wollesen Street	-1049.467	-1439.021	30.853
Fast travel	Métro : Wollesen Street	-973.117	-1369.399	21.273
Fast travel	Métro : Wollesen Street	-974.446	-1361.863	21.273
Fast travel	Métro : Wollesen Street	-1065.51	-1427.787	30.853
Fast travel	Métro : Wollesen Street	-1052.01	-1437.24	30.853
Fast travel	MLK & Brandon	-505.422	-760.396	7.43
Fast travel	Offshore Street	-1255.56	2913.335	7.193
Fast travel	Palms View Plaza	-2357.734	-809.31	12.92
Fast travel	Palms View Way	-1719.888	-885.142	8.59
Fast travel	Panneau North Oak	283	799.809	146.62
Fast travel	Panorama du barrage	772.578	-2110.786	172.696
Fast travel	Parc à caravanes	1192.989	-592.519	32.618
Fast travel	Parc industriel d'Arasaka	-187.885	-1498.153	7.666
Fast travel	Parking abandonné	-764.263	-2437.796	14.154
Fast travel	Parking du stade	-1306.131	-1669.885	44.047
Fast travel	Parque del Mar	-2301.457	-1108.516	13.998
Fast travel	Passerelle Bellevue	-1130.643	1486.758	30.257
Fast travel	Passerelle de Hanford	-1219.221	-1209.089	32.812
Fast travel	Pershing Street	-1731.853	2309.059	18.149
Fast travel	Petrel Street	-922.896	105.133	7.323
Fast travel	PieZ	-152.132	-2015.27	6.18
Fast travel	Pinewood Junction	-1072.731	2176.78	13.21
Fast travel	Pinewood Street Sud	-1155.414	1160.886	17.334
Fast travel	Plateau de cinéma du désert	3201.534	620.689	104.456
Fast travel	Poste-frontière	-2811.016	-5434.22	96.818
Fast travel	QG de Delamain	-890.722	-82.928	7.24
Fast travel	Quais d'Ebunike	-1480.515	2957.454	7.19
Fast travel	Rancho Coronado Est	435.624	-2147.921	14.605
Fast travel	Rancho Coronado Nord	702.48	-980.239	28.837
Fast travel	Rancho Coronado Sud	-497.606	-1851.624	7.442
Fast travel	Reconciliation Park	-1624.68	-332.665	-13.773
Fast travel	Red Dirt	-736.023	-979.37	7.899
Fast travel	Republic & Vine	-597.728	-121.393	7.693
Fast travel	Republic Est	120.749	-632.462	7.582
Fast travel	Résidence de Kerry Eurodyne	222.004	1077.96	200.589
Fast travel	Riot	-1658.757	998.701	23.91
Fast travel	Rocade	-1147.68	136.107	7.349
Fast travel	Rocky Ridge	2535.207	-96.259	81.407
Fast travel	Sagan & Diamond	-714.215	1277.568	29.57
Fast travel	San Amaro Street	683.467	-592.349	9.96
Fast travel	Senate & Market	-1889.368	-574.459	7.875
Fast travel	Silk Road Ouest	-694.742	403.97	19.433
Fast travel	Skyline & Republic	-2355.15	431.907	7.872
Fast travel	Skyline & Salinas	-456.283	1401.882	37.284
Fast travel	Skyline Est	-657.183	-434.886	8.206
Fast travel	Spa de Luxor Heights	-1541.344	-2516.252	83.2
Fast travel	Stade EBM Petrochem	-1375.361	-2123.476	70.028
Fast travel	Stand de tir	-1049.255	-915.027	8.188
Fast travel	Station de pompage	-2410.06	-962	8.14
Fast travel	Station-service	-1794.664	-4324.87	74.413
Fast travel	Station-service abandonnée	-1120.987	-5584.997	92.306
Fast travel	Station-service Medeski	1443.098	-1370.658	51.34
Fast travel	Sunset Motel	1633.786	-737.531	49.839
Fast travel	Sunshine Motel	3583.229	-896.751	119.402
Fast travel	Sutter Street	-1202.694	1617.701	22.919
Fast travel	Tango Tors Motel	-201.314	-4916.129	77.359
Fast travel	Terra Cognita	-2134.819	-2948.316	108.309
Fast travel	Tour Arasaka	-1447.671	43.014	16.13
Fast travel	Usine All Foods	-715.161	2181.195	53.09
Fast travel	Ventura & Skyline	-1860.219	-1205.402	20.235
Fast travel	Vieilles éoliennes	3703.635	-1683.239	123.682
Fast travel	wat_lch_metro_ftp_12	-1416.598	1759.616	16.27
Fast travel	Woodhaven Street	629.502	-2173.646	38.43
Commissariats	Commissariat NCPD abandonné – Pacifica (Dogtown)	-2182.344	-2272.132	8.517
Commissariats	Commissariat NCPD – Downtown	-1805.692	121.08	44.4
Commissariats	Commissariat NCPD – Little China	-1452.003	1242.275	23.648
Commissariats	Commissariat NCPD – The Glen	-1509.89	-602.84	13.99
Charcudocs	Charcudoc – Arroyo 1	-1070.34	-1272.81	11.46
Charcudocs	Charcudoc – Badlands 1	3441.855	-385.299	135.58
Charcudocs	Charcudoc – Badlands 2	1814.836	2276.16	182.273
Charcudocs	Charcudoc – Charter Hill 1	-37.56	-51.388	7.183
Charcudocs	Charcudoc – Dogtown 1	-2401.153	-2652.815	28.16
Charcudocs	Charcudoc – Dogtown 2	-1448.729	-2013.061	71.841
Charcudocs	Charcudoc – Dogtown 3	-1907.703	-2470.094	24.076
Charcudocs	Charcudoc – Dogtown 4	-1630.685	-2535.546	41.017
Charcudocs	Charcudoc – Downtown 1	-2414.21	393.022	11.889
Charcudocs	Charcudoc – Japantown 1	-714.98	869.093	13.506
Charcudocs	Charcudoc – Kabuki 1	-1035.287	1447.224	0.456
Charcudocs	Charcudoc – Kabuki 2	-1093.871	2148.538	13.33
Charcudocs	Charcudoc – Kabuki 3	-1241.854	1946.006	8.054
Charcudocs	Charcudoc – Little China 1	-1546.809	1231.62	11.577
Charcudocs	Charcudoc – Northside 1	-1689.452	2384.865	17.795
Charcudocs	Charcudoc – Rancho Coronado 1	584.927	-2180.186	44.228
Charcudocs	Charcudoc – Wellsprings 1	-2362.645	-926.914	12.521
Charcudocs	Charcudoc – West Wind Estate 1	-2531.194	-2465.049	17.524
Fixers	Fixer – Badlands 1	2411.97	-796.43	67
Fixers	Fixer – City Center 1	-1969.88	377.76	8.06
Fixers	Fixer – Dogtown 1	-1584.49	-2340.979	57.83
Fixers	Fixer – Dogtown 2	-1584.49	-2340.979	57.83
Fixers	Fixer – Heywood 1	-1804.658	-1275.563	21.839
Fixers	Fixer – Santo Domingo 1	411.46	-2358.71	182.03
Fixers	Fixer – Santo Domingo 2	411.46	-2358.71	182.276
Fixers	Fixer – Watson 1	-1142.47	1568.518	71.725
Fixers	Fixer – Watson 2	-1160.021	1584.654	24.48
Fixers	Fixer – Westbrook 1	-671.488	822.414	19.759
Armuriers	Armurier – Arroyo 1	-995.68	-1588.05	26.79
Armuriers	Armurier – Badlands 1	1677.111	-774.729	50.518
Armuriers	Armurier – Badlands 2	3429.576	-370.455	134.2
Armuriers	Armurier – Badlands 3	1794.136	2257.435	180.756
Armuriers	Armurier – Badlands 4	-1845.911	-4258.669	74.037
Armuriers	Armurier – Dogtown 1	-2432.35	-2686.326	28.4
Armuriers	Armurier – Dogtown 2	-1410.386	-2075.769	71.868
Armuriers	Armurier – Dogtown 3	-1401.839	-2007.074	71.861
Armuriers	Armurier – Downtown 1	-1771.714	223.974	43.73
Armuriers	Armurier – Japantown 1	-457.707	1452.423	37.379
Armuriers	Armurier – Kabuki 1	-1208.451	2046.44	7.995
Armuriers	Armurier – Kabuki 2	-1208.451	2046.44	7.995
Armuriers	Armurier – Kabuki 3	-830.747	2202.897	54.842
Armuriers	Armurier – Little China 1	-1449.992	1317.977	119.126
Armuriers	Armurier – Northside 1	-1890.506	2730.485	6.966
Armuriers	Armurier – Rancho Coronado 1	572.091	-2204.001	35.37
Armuriers	Armurier – The Glen 1	-1896.978	-1019.222	7.691
Armuriers	Armurier – Vista del Rey 1	-907.526	-706.057	8.267
Armuriers	Armurier – Wellsprings 1	-2402.418	-628.08	6.801
Armuriers	Armurier – West Wind Estate 1	-2440.764	-2401.437	17.363
Armes blanches	Armes blanches – Arroyo 1	-511.22	-1914.55	7.97
Armes blanches	Armes blanches – Badlands 1	138.533	-4670.823	55.094
Armes blanches	Armes blanches – Japantown 1	-334.883	562.977	38.389
Armes blanches	Armes blanches – Little China 1	-1430.219	1338.427	119.129
Armes blanches	Armes blanches – Little China 2	-1894.768	1253.793	18.277
Vêtements	Vêtements – Arroyo 1	-1014.44	-1560.439	27.15
Vêtements	Vêtements – Badlands 1	1208.052	-563.726	33.263
Vêtements	Vêtements – Charter Hill 1	-229.94	-34.18	0.86
Vêtements	Vêtements – Coast View 1	-2475.932	-2539.3	16.959
Vêtements	Vêtements – Corpo Plaza 1	-1574.837	-282.105	-4.435
Vêtements	Vêtements – Dogtown 1	-2369.37	-2696.893	28.278
Vêtements	Vêtements – Dogtown 2	-1409.806	-2045.751	71.871
Vêtements	Vêtements – Downtown 1	-1888.272	79.235	8.861
Vêtements	Vêtements – Japantown 1	-684.714	1236.118	37.967
Vêtements	Vêtements – Japantown 2	-670.294	913.525	11.43
Vêtements	Vêtements – Kabuki 1	-1122.026	1752.618	33.842
Vêtements	Vêtements – Little China 1	-1525.486	1702.873	20.118
Vêtements	Vêtements – Northside 1	-1899.009	2503.153	18.26
Vêtements	Vêtements – Rancho Coronado 1	254.25	-1470.199	9.52
Vêtements	Vêtements – Wellsprings 1	-2439.663	-667.724	6.922
Nourriture et boissons	Nourriture – Arasaka Waterfront 1	-2205.34	1765.95	20.2
Nourriture et boissons	Nourriture – Arroyo 1	-724.728	-998.757	8
Nourriture et boissons	Nourriture – Arroyo 2	-985.817	-1157.396	12.614
Nourriture et boissons	Nourriture – Arroyo 3	-1021.761	-1563.615	28.09
Nourriture et boissons	Nourriture – Arroyo 4	-537.95	-740.44	7.797
Nourriture et boissons	Nourriture – Badlands 1	1636.233	-798.958	54.91
Nourriture et boissons	Nourriture – Badlands 2	1198.747	-549.422	32.769
Nourriture et boissons	Nourriture – Badlands 3	1482.975	-1401.146	51.586
Nourriture et boissons	Nourriture – Badlands 4	-3491.661	-4010.193	77.742
Nourriture et boissons	Nourriture – Charter Hill 1	-258.118	-53.293	0.867
Nourriture et boissons	Nourriture – Coast View 1	-1924.704	-1914.203	49.302
Nourriture et boissons	Nourriture – Corpo Plaza 1	-1522.726	-325.51	-4.182
Nourriture et boissons	Nourriture – Corpo Plaza 2	-1540.675	-304.292	-4.426
Nourriture et boissons	Nourriture – Corpo Plaza 3	-103.623	219.311	14.85
Nourriture et boissons	Nourriture – Corpo Plaza 4	-1540.675	-304.292	-4.426
Nourriture et boissons	Nourriture – Dogtown 1	-1595.19	-2344.88	43.03
Nourriture et boissons	Nourriture – Dogtown 2	-2427.509	-2665.64	27.98
Nourriture et boissons	Nourriture – Dogtown 3	-1389.551	-2037.665	75.811
Nourriture et boissons	Nourriture – Dogtown 4	-1401.907	-1993.634	72.831
Nourriture et boissons	Nourriture – Dogtown 5	-1403.939	-2028.942	71.871
Nourriture et boissons	Nourriture – Dogtown 6	-1921.283	-977.36	7.659
Nourriture et boissons	Nourriture – Downtown 1	-1620.596	367.772	8.111
Nourriture et boissons	Nourriture – Downtown 2	-1936.974	-38.497	-1.505
Nourriture et boissons	Nourriture – Japantown 1	-970.804	1721.649	14.338
Nourriture et boissons	Nourriture – Japantown 2	-580.141	1279.446	32.988
Nourriture et boissons	Nourriture – Japantown 3	-651.534	926.328	9.4
Nourriture et boissons	Nourriture – Japantown 4	-690.457	774.324	36.264
Nourriture et boissons	Nourriture – Japantown 5	-645.251	850.698	18.902
Nourriture et boissons	Nourriture – Japantown 6	-483.591	582.255	31.302
Nourriture et boissons	Nourriture – Kabuki 1	-1170.475	2025.275	7.787
Nourriture et boissons	Nourriture – Kabuki 2	-1172.289	1572.527	25.062
Nourriture et boissons	Nourriture – Kabuki 3	-1234.12	1983.712	8.015
Nourriture et boissons	Nourriture – Kabuki 4	-1031.794	1351.061	5.28
Nourriture et boissons	Nourriture – Little China 1	-1929.577	1149.433	13.904
Nourriture et boissons	Nourriture – Little China 2	-1645.771	1005.445	28.894
Nourriture et boissons	Nourriture – Little China 3	-1448.656	1010.645	16.65
Nourriture et boissons	Nourriture – Northside 1	-1913.475	2740.624	10.446
Nourriture et boissons	Nourriture – Northside 2	-1714.708	2223.473	86.201
Nourriture et boissons	Nourriture – Rancho Coronado 1	324.24	-1626.88	9.3
Nourriture et boissons	Nourriture – The Glen 1	-1726.565	-1247.634	21.85
Nourriture et boissons	Nourriture – The Glen 2	-1524.336	-1104.214	9.135
Nourriture et boissons	Nourriture – Vista del Rey 1	-923.569	-213.2	8.77
Nourriture et boissons	Nourriture – Vista del Rey 2	-795.807	-85.55	8.705
Nourriture et boissons	Nourriture – Vista del Rey 3	-882.551	-667.43	8.21
Nourriture et boissons	Nourriture – Vista del Rey 4	-1256.635	-998.972	12.158
Nourriture et boissons	Nourriture – Wellsprings 1	-2407.996	-540.693	6.886
Médecins et pharmacies	Médecin – Arroyo 1	-1005.25	-1573.43	26.8
Médecins et pharmacies	Médecin – Badlands 1	3443.772	-1981.35	100.289
Médecins et pharmacies	Médecin – Badlands 2	-3580.49	361.76	32.518
Médecins et pharmacies	Médecin – Coast View 1	-1901.876	-1898.784	49.373
Médecins et pharmacies	Médecin – Corpo Plaza 1	-1127.959	231.771	5.177
Médecins et pharmacies	Médecin – Dogtown 1	-2354.648	-2685.056	36.38
Médecins et pharmacies	Médecin – Dogtown 2	-1431.566	-2032.698	73.74
Médecins et pharmacies	Médecin – Dogtown 3	-1616.622	-2535.851	43.382
Médecins et pharmacies	Médecin – Downtown 1	-1883.488	379.378	27.718
Médecins et pharmacies	Médecin – Japantown 1	-436.538	1433.764	37.279
Médecins et pharmacies	Médecin – Kabuki 1	-954.546	1778.123	22.882
Médecins et pharmacies	Médecin – Little China 1	-1703.73	1252.97	20.133
Médecins et pharmacies	Médecin – Northside 1	-1585.061	2076.762	18.235
Médecins et pharmacies	Médecin – Northside 2	-1933.192	2744.038	10.938
Médecins et pharmacies	Médecin – Rancho Coronado 1	433.55	-1445.1	15.2
Médecins et pharmacies	Médecin – Wellsprings 1	-2185.887	-940.921	7.988
Médecins et pharmacies	Médecin – West Wind Estate 1	-2606.805	-2500.198	17.702
Netrunners	Netrunner – Dogtown 1	-1391.447	-2030.069	75.751
Netrunners	Netrunner – Japantown 1	-354.211	1366.49	42.134
Netrunners	Netrunner – Japantown 2	-487.002	578.299	27.329
Netrunners	Netrunner – Japantown 3	-574.266	792.227	24.901
Netrunners	Netrunner – Kabuki 1	-1177.986	2039.443	20.146
Netrunners	Netrunner – Vista del Rey 1	-854.417	-387.334	8.535
Brocanteurs	Brocanteur – Badlands 1	1386.613	-1673.907	51.302
Brocanteurs	Brocanteur – Badlands 2	-986.337	-4417.851	64.311
Brocanteurs	Brocanteur – Dogtown 1	-2365.548	-2656.711	34.76
Brocanteurs	Brocanteur – Dogtown 2	-1396.669	-2048.364	73.053
Brocanteurs	Brocanteur – Japantown 1	-668.111	852.378	19.495
Brocanteurs	Brocanteur – Japantown 2	-613.745	810.898	17.921
Brocanteurs	Brocanteur – Japantown 3	50.683	1632.973	126.567
Brocanteurs	Brocanteur – Kabuki 1	-1022.675	1440.827	16.5
Brocanteurs	Brocanteur – The Glen 1	-1844.66	-583.41	8.12
Brocanteurs	Brocanteur – Vista del Rey 1	-863.27	132.18	7.77
Matériel technique	Technique – Coast View 1	-1907.137	-1925.458	48.954
Matériel technique	Technique – Japantown 1	-677.669	915.953	11.432
Joytoys	Joytoy – Japantown 1	-650.555	841.667	20.62
Joytoys	Joytoy – Japantown 2	-660.008	850.099	20.547
Joytoys	Joytoy – Japantown 3	-331.746	231.968	190.082
Joytoys	Joytoy – Japantown 4	-317.676	236.679	190.184
Autres services	cz heavy hearts dealer – Dogtown	-1591.97	-2376.36	44.33
Autres services	cz mws cz 16 locker – Dogtown	-1405.816	-2060.561	72.401
Autres services	cz q303 casino cashier – Dogtown	-1856.048	-2281.351	439.777
Autres services	ne3 aldecaldos camp chang – Badlands	1836.722	2285.826	182.02
Planques et appartements	Appartement – Downtown	-1606.566	359.038	49.42
Planques et appartements	Appartement – Japantown	-784.789	978.117	28.21
Planques et appartements	Appartement – Northside	-1504.781	2228.611	22.27
Planques et appartements	Appartement – The Glen	-1525.407	-969.753	87.37
Planques et appartements	Appartement à acheter	-1504.66	2226.175	23.479
Planques et appartements	Appartement à acheter	-786.698	986.748	13.321
Planques et appartements	Appartement à acheter	-1528.692	-979.638	10.152
Planques et appartements	Appartement à acheter	-1602.899	357.422	9.315
Planques et appartements	Appartement de Judy	-895.134	1859.909	43.121
Planques et appartements	Appartement de V (Megatower H10)	-1382.201	1270.586	123.065
Planques et appartements	Camp nomade (Aldecaldos)	3436.586	-368.469	133.619
Planques et appartements	Camp nomade 2	1789.376	2249.471	180.214
Planques et appartements	Caravane de River	1236.098	-517.367	38.413
Planques et appartements	Villa de Kerry	132.214	1080.541	202.8
Autofixers et véhicules	Autofixer – Dogtown 1	-1384.44	-1960.56	65.73
Autofixers et véhicules	Autofixer 1	-1804.98	-4286.723	75.72
Autofixers et véhicules	Autofixer 10	322.074	-884.564	25.925
Autofixers et véhicules	Autofixer 11	-281.85	-1887.55	10.158
Autofixers et véhicules	Autofixer 12	-148.591	-1953.103	7.302
Autofixers et véhicules	Autofixer 13	-579.284	-735.074	10.325
Autofixers et véhicules	Autofixer 14	-370.101	1453.165	37.232
Autofixers et véhicules	Autofixer 15	-1483.814	1909.547	19.56
Autofixers et véhicules	Autofixer 16	-3560.677	368.194	32.95
Autofixers et véhicules	Autofixer 17	-1878.061	-913.895	8.739
Autofixers et véhicules	Autofixer 18	-1886.454	-1912.501	50.011
Autofixers et véhicules	Autofixer 19	-1357.54	1277.794	35.811
Autofixers et véhicules	Autofixer 2	-1696.141	-5005.206	81.787
Autofixers et véhicules	Autofixer 20	-1185.237	2634.744	7.486
Autofixers et véhicules	Autofixer 21	-1857.92	-934.7	7.95
Autofixers et véhicules	Autofixer 22	-2444.299	-19.526	4.446
Autofixers et véhicules	Autofixer 23	89.55	810.15	129.325
Autofixers et véhicules	Autofixer 24	-1732.739	-123.45	8.031
Autofixers et véhicules	Autofixer 25	3463.971	-1991.182	103.72
Autofixers et véhicules	Autofixer 26	-1362.037	1272.108	41.862
Autofixers et véhicules	Autofixer 27	2377.071	-787.601	66.83
Autofixers et véhicules	Autofixer 28	-1357.54	1277.794	35.811
Autofixers et véhicules	Autofixer 29	-1368.352	1314.479	41.873
Autofixers et véhicules	Autofixer 3	-116.389	-4372.961	60.51
Autofixers et véhicules	Autofixer 30	-1887.584	2511.206	18.444
Autofixers et véhicules	Autofixer 31	486.819	-404.577	6.809
Autofixers et véhicules	Autofixer 32	-152.162	-2024.78	6.292
Autofixers et véhicules	Autofixer 33	-2499.333	-285.522	8.269
Autofixers et véhicules	Autofixer 34	-461.305	-998.85	7.796
Autofixers et véhicules	Autofixer 35	-2414.375	-974.965	8.34
Autofixers et véhicules	Autofixer 36	-415.798	-1227.744	7.137
Autofixers et véhicules	Autofixer 37	-828.102	-106.163	7.865
Autofixers et véhicules	Autofixer 38	1648.35	-756.23	50.321
Autofixers et véhicules	Autofixer 39	156.108	-1778.001	-9.715
Autofixers et véhicules	Autofixer 4	1478.772	-1394.914	52.68
Autofixers et véhicules	Autofixer 40	-2148.704	186.748	8.369
Autofixers et véhicules	Autofixer 41	-353.761	1477.357	36.073
Autofixers et véhicules	Autofixer 42	3642.87	-850.89	119.61
Autofixers et véhicules	Autofixer 43	-21.242	1658.113	122.348
Autofixers et véhicules	Autofixer 44	172.498	-332.257	7.193
Autofixers et véhicules	Autofixer 45	-1609.2	352.32	8.546
Autofixers et véhicules	Autofixer 46	-1184.82	356.428	4.893
Autofixers et véhicules	Autofixer 47	-3454.742	-4044.914	74.854
Autofixers et véhicules	Autofixer 5	3446.308	-1998.083	104.974
Autofixers et véhicules	Autofixer 6	3317.787	-1538.258	109.424
Autofixers et véhicules	Autofixer 7	1703.94	-765.771	51.206
Autofixers et véhicules	Autofixer 8	1209.777	-577.091	34.554
Autofixers et véhicules	Autofixer 9	753.517	-1012.486	29.37
Courses de rue	Course – badlands	898.638	-3008.791	205.165
Courses de rue	Course – big race	61.81	5.541	14.905
Courses de rue	Course – city center	-753.852	-513.223	8.65
Courses de rue	Course – santo domingo	-1045.389	-1519.452	26.475
Tarots	Tarot – Dogtown 1	-1339.828	-1736.999	46.511
Tarots	Tarot – Dogtown 2	-2238.058	-2544.718	81.981
Tarots	Tarot – Dogtown 3	-2416.073	-2636.85	24.436
Tarots	Tarot – Dogtown 4	-1815.118	-2732.749	75.741
Tarots	Tarot 1	-1808.128	-539.229	14.281
Tarots	Tarot 10	-1738.435	-1932.155	64.69
Tarots	Tarot 11	-879.203	1322.492	6.57
Tarots	Tarot 12	-632.645	-214.413	21.63
Tarots	Tarot 13	-106.643	1937.778	104.883
Tarots	Tarot 14	-1235.377	1559.212	24.92
Tarots	Tarot 15	-612.515	-3850.465	74.028
Tarots	Tarot 16	-1327.233	1202.369	21.447
Tarots	Tarot 17	-1574.033	150.337	4.773
Tarots	Tarot 18	1650.503	-796.475	51.58
Tarots	Tarot 19	-1551.31	1210.479	58.678
Tarots	Tarot 2	47.669	-486.47	21.329
Tarots	Tarot 20	395.263	1151.141	222.2
Tarots	Tarot 21	-1360.884	157.944	-24.181
Tarots	Tarot 3	688.586	-618.454	10.763
Tarots	Tarot 4	194.421	576.649	121.982
Tarots	Tarot 5	-1501.738	1138.206	18.946
Tarots	Tarot 6	-2106.877	1771.068	22
Tarots	Tarot 7	-1463.1	1048.238	19.696
Tarots	Tarot 8	-1388.924	1267.677	123.954
Tarots	Tarot 9	-1835.758	3879.255	21.059
Activités et contrats	Activité – Arroyo 1	-641.665	-685.728	8.184
Activités et contrats	Activité – Arroyo 10	-399.007	-1990.877	7.632
Activités et contrats	Activité – Arroyo 11	-25.76	-1001.51	7.376
Activités et contrats	Activité – Arroyo 12	-470.677	-943.808	20.847
Activités et contrats	Activité – Arroyo 13	-41.506	-430.971	7.649
Activités et contrats	Activité – Arroyo 2	-833.108	-914.093	7.881
Activités et contrats	Activité – Arroyo 3	-597.757	-1035.626	8.481
Activités et contrats	Activité – Arroyo 4	-493.696	-1145.92	15.799
Activités et contrats	Activité – Arroyo 5	-863.74	-1353.96	7.79
Activités et contrats	Activité – Arroyo 6	-949.282	-1505.595	25.604
Activités et contrats	Activité – Arroyo 7	-516.073	-1815.056	7.19
Activités et contrats	Activité – Arroyo 8	-873.579	-1006.99	11.396
Activités et contrats	Activité – Arroyo 9	-738.441	-1782.006	4.622
Activités et contrats	Activité – Badlands 1	1055.305	-713.426	22.272
Activités et contrats	Activité – Badlands 10	1486.029	-1399.127	51.3
Activités et contrats	Activité – Badlands 11	2983.416	-1953.058	119.035
Activités et contrats	Activité – Badlands 12	806.37	-2148.872	173.502
Activités et contrats	Activité – Badlands 13	3785.724	-2066.362	124.962
Activités et contrats	Activité – Badlands 14	2871.145	-1015.334	68.368
Activités et contrats	Activité – Badlands 15	4689.611	-2007.51	175.785
Activités et contrats	Activité – Badlands 16	4640.867	-311.102	175.049
Activités et contrats	Activité – Badlands 17	2843.303	-1267.803	63.888
Activités et contrats	Activité – Badlands 18	3669.533	5.228	141.167
Activités et contrats	Activité – Badlands 19	2544.031	-1697.538	76.269
Activités et contrats	Activité – Badlands 2	1242.782	-229.177	36.282
Activités et contrats	Activité – Badlands 20	287.01	-3280.773	48.332
Activités et contrats	Activité – Badlands 21	-421.876	-4252.238	61.002
Activités et contrats	Activité – Badlands 22	2877.861	-1592.85	76.804
Activités et contrats	Activité – Badlands 23	-1032.454	-3335.634	42.385
Activités et contrats	Activité – Badlands 24	-1318.472	-2863.341	34.859
Activités et contrats	Activité – Badlands 25	-1153.338	-3210.59	42.134
Activités et contrats	Activité – Badlands 26	-683.224	-4606.755	63.393
Activités et contrats	Activité – Badlands 27	-1298.061	-4222.745	62.506
Activités et contrats	Activité – Badlands 28	252.817	-2794.446	69.585
Activités et contrats	Activité – Badlands 29	739.279	-3949.882	173.863
Activités et contrats	Activité – Badlands 3	4244.776	-901.949	141.086
Activités et contrats	Activité – Badlands 30	-811.034	-5712.554	96.939
Activités et contrats	Activité – Badlands 31	-1702.781	-5009.084	80.416
Activités et contrats	Activité – Badlands 32	-473.805	-5657.457	86.037
Activités et contrats	Activité – Badlands 33	-1254.224	-3805.711	50.854
Activités et contrats	Activité – Badlands 34	-362.036	-2543.086	27.231
Activités et contrats	Activité – Badlands 35	-753.27	-3640.952	51.716
Activités et contrats	Activité – Badlands 36	-248.885	-4880.771	77.709
Activités et contrats	Activité – Badlands 37	4974.334	-683.219	135.291
Activités et contrats	Activité – Badlands 4	4331.692	-1279.82	134.858
Activités et contrats	Activité – Badlands 5	2292.983	604.25	101.049
Activités et contrats	Activité – Badlands 6	1032.738	-1489.529	50.091
Activités et contrats	Activité – Badlands 7	2483.646	-2176.49	181.988
Activités et contrats	Activité – Badlands 8	2286.786	-1050.779	55.504
Activités et contrats	Activité – Badlands 9	4169.952	97.769	118.087
Activités et contrats	Activité – Charter Hill 1	347.646	-498.353	7.248
Activités et contrats	Activité – Charter Hill 2	242.105	52.048	31.448
Activités et contrats	Activité – Charter Hill 3	-196.643	139.002	14.664
Activités et contrats	Activité – Charter Hill 4	-352.494	-4.545	7.2
Activités et contrats	Activité – Charter Hill 5	380.482	-271.953	6.768
Activités et contrats	Activité – Charter Hill 6	351.182	-387.137	7.452
Activités et contrats	Activité – Charter Hill 7	565.781	-453.497	6.628
Activités et contrats	Activité – Coast View 1	-2148.893	-1829.364	0.164
Activités et contrats	Activité – Coast View 10	-1785.93	-1774.281	57.49
Activités et contrats	Activité – Coast View 11	-2473.812	-1733.391	-9.383
Activités et contrats	Activité – Coast View 2	-1770.488	-1968.184	44.795
Activités et contrats	Activité – Coast View 3	-1214.834	-1721.496	44.239
Activités et contrats	Activité – Coast View 4	-1535	-1848.291	73.55
Activités et contrats	Activité – Coast View 5	-2034.462	-1561.572	12.187
Activités et contrats	Activité – Coast View 6	-1981.588	-2173.875	25.92
Activités et contrats	Activité – Coast View 7	-2032.417	-2232.871	19.917
Activités et contrats	Activité – Coast View 8	-1108.48	-1799.844	44.096
Activités et contrats	Activité – Coast View 9	-2478.979	-2176.73	20.219
Activités et contrats	Activité – Corpo Plaza 1	-1676.024	23.298	7.46
Activités et contrats	Activité – Corpo Plaza 2	-978.016	459.905	-14.913
Activités et contrats	Activité – Corpo Plaza 3	-1306.99	-46.748	2.936
Activités et contrats	Activité – Corpo Plaza 4	-1283.764	350.715	9.58
Activités et contrats	Activité – Corpo Plaza 5	-1050.458	76.925	7.571
Activités et contrats	Activité – Corpo Plaza 6	-1119.906	545.567	18.008
Activités et contrats	Activité – Corpo Plaza 7	-1377.056	610.481	4.694
Activités et contrats	Activité – Corpo Plaza 8	-1356.43	444.383	13.092
Activités et contrats	Activité – Dogtown 1	-2429.64	-2365.81	10.95
Activités et contrats	Activité – Dogtown 10	972.875	-1012.813	29.408
Activités et contrats	Activité – Dogtown 100	-973.104	2082.067	12.887
Activités et contrats	Activité – Dogtown 101	-2069.646	370.886	8.429
Activités et contrats	Activité – Dogtown 102	-2315.365	-95.827	8.113
Activités et contrats	Activité – Dogtown 103	-1867.162	204.094	7.531
Activités et contrats	Activité – Dogtown 104	-1739.529	680.517	10.902
Activités et contrats	Activité – Dogtown 105	-1310.419	225.119	7.18
Activités et contrats	Activité – Dogtown 106	-1530.387	449.395	8.059
Activités et contrats	Activité – Dogtown 107	-1457.053	682.481	8.94
Activités et contrats	Activité – Dogtown 108	-969.468	70.064	7.576
Activités et contrats	Activité – Dogtown 109	-2031.584	636.009	10.724
Activités et contrats	Activité – Dogtown 11	955.154	-1009.437	29.406
Activités et contrats	Activité – Dogtown 110	-2382.173	265.048	12.726
Activités et contrats	Activité – Dogtown 111	-1253.23	-221.06	8.073
Activités et contrats	Activité – Dogtown 112	-1619.081	-33.03	8.046
Activités et contrats	Activité – Dogtown 113	-1528.739	-215.992	8.176
Activités et contrats	Activité – Dogtown 114	-2392.499	43.759	12.292
Activités et contrats	Activité – Dogtown 115	-2269.398	-2171.725	11.963
Activités et contrats	Activité – Dogtown 116	-1784.312	-1578.921	25.449
Activités et contrats	Activité – Dogtown 117	-1281.817	-1605.837	44.308
Activités et contrats	Activité – Dogtown 12	-1646.844	-2312.334	40.047
Activités et contrats	Activité – Dogtown 13	-1965.832	-1948.683	18.595
Activités et contrats	Activité – Dogtown 14	-1944.977	-2464.19	29.88
Activités et contrats	Activité – Dogtown 15	1048.875	-1018.828	29.929
Activités et contrats	Activité – Dogtown 16	980.875	-1065.563	28.281
Activités et contrats	Activité – Dogtown 17	-1728.888	-1950.002	61.915
Activités et contrats	Activité – Dogtown 18	-2567.577	-2662.351	23.795
Activités et contrats	Activité – Dogtown 19	-2394.603	-2307.121	10.664
Activités et contrats	Activité – Dogtown 2	-2322.308	-2550.44	15.14
Activités et contrats	Activité – Dogtown 20	-1729.586	-2258.296	39.828
Activités et contrats	Activité – Dogtown 21	-2165.581	-2741.93	34.924
Activités et contrats	Activité – Dogtown 22	-1861.331	-2582.749	39.514
Activités et contrats	Activité – Dogtown 23	-1767.434	-2435.989	29.843
Activités et contrats	Activité – Dogtown 24	-1780.724	-2798.617	82.733
Activités et contrats	Activité – Dogtown 25	-2106.708	-2588.896	23.938
Activités et contrats	Activité – Dogtown 26	-641.022	-874.616	7.814
Activités et contrats	Activité – Dogtown 27	-878.427	-1745.452	9.6
Activités et contrats	Activité – Dogtown 28	-2567.577	-2662.351	23.795
Activités et contrats	Activité – Dogtown 29	-136.262	-892.768	7.4
Activités et contrats	Activité – Dogtown 3	-1418.849	-2642.115	83.712
Activités et contrats	Activité – Dogtown 30	530.5	-2179.8	24.7
Activités et contrats	Activité – Dogtown 31	181.472	-1927.14	-10.1
Activités et contrats	Activité – Dogtown 32	-342.711	-2628.853	28.494
Activités et contrats	Activité – Dogtown 33	1382.979	-2770.4	204.7
Activités et contrats	Activité – Dogtown 34	2612.416	-1488.311	66.814
Activités et contrats	Activité – Dogtown 35	772.543	-2095.051	172.89
Activités et contrats	Activité – Dogtown 36	1434.454	-729.479	49.2
Activités et contrats	Activité – Dogtown 37	-1156.208	-1722.806	44.517
Activités et contrats	Activité – Dogtown 38	-750.375	28.225	8.511
Activités et contrats	Activité – Dogtown 39	-988.37	-749.382	8.513
Activités et contrats	Activité – Dogtown 4	-1539.6	-2602.53	85.75
Activités et contrats	Activité – Dogtown 40	-1268.086	-1074.489	12.557
Activités et contrats	Activité – Dogtown 41	-1003.4	-631.627	8.516
Activités et contrats	Activité – Dogtown 42	-1505.949	-833.622	8.915
Activités et contrats	Activité – Dogtown 43	-1720.015	-873.711	8.878
Activités et contrats	Activité – Dogtown 44	-1885.675	-518.967	8.115
Activités et contrats	Activité – Dogtown 45	-2148.213	-1109.53	8.364
Activités et contrats	Activité – Dogtown 46	-2378.082	-762.078	13.054
Activités et contrats	Activité – Dogtown 47	-2194.844	-558.402	7.479
Activités et contrats	Activité – Dogtown 48	-718.69	-372.229	8.861
Activités et contrats	Activité – Dogtown 49	-1747.405	-1302.659	22.17
Activités et contrats	Activité – Dogtown 5	-2263.553	-2917.408	117.47
Activités et contrats	Activité – Dogtown 50	-2189.242	-256.802	7.852
Activités et contrats	Activité – Dogtown 51	-904.165	-1189.437	12.26
Activités et contrats	Activité – Dogtown 52	83.774	-1292.721	7.827
Activités et contrats	Activité – Dogtown 53	-572	-755.798	7.591
Activités et contrats	Activité – Dogtown 54	8.254	-2115.33	5.298
Activités et contrats	Activité – Dogtown 55	-556.378	-1077.494	7.673
Activités et contrats	Activité – Dogtown 56	592.532	-1818.688	29.217
Activités et contrats	Activité – Dogtown 57	405.416	-1216.966	28.519
Activités et contrats	Activité – Dogtown 58	278.193	-1591.834	9.122
Activités et contrats	Activité – Dogtown 59	-454.294	-1830.465	7.519
Activités et contrats	Activité – Dogtown 6	-2269.15	-2951.08	112.73
Activités et contrats	Activité – Dogtown 60	362.732	-966.438	24.572
Activités et contrats	Activité – Dogtown 61	2280.292	-292.291	85.526
Activités et contrats	Activité – Dogtown 62	3314.742	-1538.765	108.269
Activités et contrats	Activité – Dogtown 63	3161.26	-2100.489	136.476
Activités et contrats	Activité – Dogtown 64	1425.178	-1283.439	52.104
Activités et contrats	Activité – Dogtown 65	-69.234	-4205.146	42.198
Activités et contrats	Activité – Dogtown 66	-1256.065	-3584.984	53.292
Activités et contrats	Activité – Dogtown 67	-1979.021	-4489.407	77.69
Activités et contrats	Activité – Dogtown 68	-1080.277	-3954.631	58.167
Activités et contrats	Activité – Dogtown 69	-1144.31	-5596.209	93.31
Activités et contrats	Activité – Dogtown 7	-2273.37	-2635.138	21.675
Activités et contrats	Activité – Dogtown 70	-262.316	-167.62	7.515
Activités et contrats	Activité – Dogtown 71	-824.179	1183.461	28.421
Activités et contrats	Activité – Dogtown 72	-713.721	1477.031	22.893
Activités et contrats	Activité – Dogtown 73	-354.776	910.981	65.73
Activités et contrats	Activité – Dogtown 74	-411.11	728.267	46.901
Activités et contrats	Activité – Dogtown 75	-231.816	642.167	74.505
Activités et contrats	Activité – Dogtown 76	-190.345	-63.833	7.515
Activités et contrats	Activité – Dogtown 77	-765.173	792.817	22.63
Activités et contrats	Activité – Dogtown 78	-607.691	1111.791	36.722
Activités et contrats	Activité – Dogtown 79	-42.152	112.454	14.719
Activités et contrats	Activité – Dogtown 8	-2633.768	-2758.147	22.639
Activités et contrats	Activité – Dogtown 80	55.276	-255.447	7.316
Activités et contrats	Activité – Dogtown 81	-543.373	364.218	23.081
Activités et contrats	Activité – Dogtown 82	-289.91	1187.586	65.581
Activités et contrats	Activité – Dogtown 83	-133.394	1417.364	89.409
Activités et contrats	Activité – Dogtown 84	372.851	-49.54	21.69
Activités et contrats	Activité – Dogtown 85	3622.066	-847.925	119.518
Activités et contrats	Activité – Dogtown 86	-1452.7	1687.792	18.515
Activités et contrats	Activité – Dogtown 87	-1654.057	1393.911	18.525
Activités et contrats	Activité – Dogtown 88	-1906.464	1289.399	18.591
Activités et contrats	Activité – Dogtown 89	-1623.817	957.494	23.924
Activités et contrats	Activité – Dogtown 9	-1642.46	-2665.893	82.84
Activités et contrats	Activité – Dogtown 90	-1298.559	1251.941	17.205
Activités et contrats	Activité – Dogtown 91	-1131.254	1807.415	23.884
Activités et contrats	Activité – Dogtown 92	-1687.884	2335.386	18.484
Activités et contrats	Activité – Dogtown 93	-1425.498	2235.011	18.398
Activités et contrats	Activité – Dogtown 94	-1022.613	2560.535	22.45
Activités et contrats	Activité – Dogtown 95	-699.141	2531.222	53.945
Activités et contrats	Activité – Dogtown 96	-622.244	2003.225	36.618
Activités et contrats	Activité – Dogtown 97	-1013.475	1592.22	2.814
Activités et contrats	Activité – Dogtown 98	-1811.958	1578.384	10.578
Activités et contrats	Activité – Dogtown 99	-2047.213	2672.341	18.817
Activités et contrats	Activité – Downtown 1	-1722.793	508.031	7.5
Activités et contrats	Activité – Downtown 2	-2243.249	-2.073	11.039
Activités et contrats	Activité – Downtown 3	-2143.375	266.492	8
Activités et contrats	Activité – Downtown 4	-1791.573	70.912	7.55
Activités et contrats	Activité – Downtown 5	-1427.091	694.754	4.46
Activités et contrats	Activité – Downtown 6	-1778.371	737.089	10.65
Activités et contrats	Activité – Downtown 7	-2162.436	584.208	8.583
Activités et contrats	Activité – Downtown 8	-1566.201	649.005	15.839
Activités et contrats	Activité – Japantown 1	-375.273	535.915	30.183
Activités et contrats	Activité – Japantown 10	-582.247	986.227	20.048
Activités et contrats	Activité – Japantown 11	-799.281	1281.142	47.651
Activités et contrats	Activité – Japantown 12	-572.211	1511.643	37.25
Activités et contrats	Activité – Japantown 13	-554.543	525.403	18.284
Activités et contrats	Activité – Japantown 2	-452.222	852.96	-2.296
Activités et contrats	Activité – Japantown 3	-205.391	995.032	65.516
Activités et contrats	Activité – Japantown 4	-757.486	971.549	12.01
Activités et contrats	Activité – Japantown 5	-650.756	282.837	20.178
Activités et contrats	Activité – Japantown 6	-520.84	155.399	29.809
Activités et contrats	Activité – Japantown 7	-647.662	776.021	34.31
Activités et contrats	Activité – Japantown 8	-396.952	252.181	22.819
Activités et contrats	Activité – Japantown 9	-728.872	879.298	21.417
Activités et contrats	Activité – Kabuki 1	-1113.799	1194.798	17.908
Activités et contrats	Activité – Kabuki 10	-1122.941	1644.388	-2.231
Activités et contrats	Activité – Kabuki 11	-1110.265	1413.155	21.83
Activités et contrats	Activité – Kabuki 12	-923.883	1708.64	1.482
Activités et contrats	Activité – Kabuki 2	-843.128	1927.94	35.834
Activités et contrats	Activité – Kabuki 3	-1010.64	1660.993	19.606
Activités et contrats	Activité – Kabuki 4	-1016.338	2030.171	45.433
Activités et contrats	Activité – Kabuki 5	-970.426	1766.498	36.655
Activités et contrats	Activité – Kabuki 6	-1165.148	1495.73	18.048
Activités et contrats	Activité – Kabuki 7	-920.098	1708.674	2.245
Activités et contrats	Activité – Kabuki 8	-1182.682	1946.789	20.204
Activités et contrats	Activité – Kabuki 9	-1028.903	1792.779	74.081
Activités et contrats	Activité – Little China 1	-1546.896	1815.053	32.35
Activités et contrats	Activité – Little China 10	-1541.808	1488.903	24.319
Activités et contrats	Activité – Little China 11	-1270.835	1764.125	18.16
Activités et contrats	Activité – Little China 12	-1496.14	1329.058	24.114
Activités et contrats	Activité – Little China 13	-1283.224	1590.77	18.194
Activités et contrats	Activité – Little China 14	-1417.946	1872.301	18.16
Activités et contrats	Activité – Little China 15	-1168.21	905.39	27.55
Activités et contrats	Activité – Little China 2	-1935.875	1577.447	8.93
Activités et contrats	Activité – Little China 3	-1951.984	997.513	1.324
Activités et contrats	Activité – Little China 4	-1307.666	1432.528	20.839
Activités et contrats	Activité – Little China 5	-1241.348	1287.971	17.226
Activités et contrats	Activité – Little China 6	-1872.074	1601.272	10.19
Activités et contrats	Activité – Little China 7	-1603.392	1534.258	18.704
Activités et contrats	Activité – Little China 8	-1785.432	1251.861	18.355
Activités et contrats	Activité – Little China 9	-1721.74	1247.401	18.188
Activités et contrats	Activité – North Oak 1	262.392	309.918	78.375
Activités et contrats	Activité – North Oak 2	203.221	864.458	162.933
Activités et contrats	Activité – North Oak 3	39.713	1139.485	139.751
Activités et contrats	Activité – North Oak 4	576.661	1172.6	227.225
Activités et contrats	Activité – North Oak 5	304.364	1480.535	163.151
Activités et contrats	Activité – Northside 1	-1730.026	2447.298	8.27
Activités et contrats	Activité – Northside 10	-786.531	1937.514	38.405
Activités et contrats	Activité – Northside 11	-1516.471	2571.155	7.139
Activités et contrats	Activité – Northside 12	-1348.645	2164.834	16.668
Activités et contrats	Activité – Northside 13	-1234.097	2684.764	7.156
Activités et contrats	Activité – Northside 14	-972.619	2323.036	30.563
Activités et contrats	Activité – Northside 15	-568.132	1956.179	38.155
Activités et contrats	Activité – Northside 16	-367.532	2304.927	36.92
Activités et contrats	Activité – Northside 17	-1645.07	2125.99	18.12
Activités et contrats	Activité – Northside 18	-1305.78	2417.53	11.14
Activités et contrats	Activité – Northside 19	-907.398	2413.904	34.514
Activités et contrats	Activité – Northside 2	-1806.015	2544.141	27.113
Activités et contrats	Activité – Northside 20	-1114.004	3329.956	9.301
Activités et contrats	Activité – Northside 21	-495.488	1977.254	42.437
Activités et contrats	Activité – Northside 22	-964.052	2773.657	31.449
Activités et contrats	Activité – Northside 3	-1686.977	2236.826	18.184
Activités et contrats	Activité – Northside 4	-1390.077	2017.856	27.565
Activités et contrats	Activité – Northside 5	-1159.195	2441.734	7.1
Activités et contrats	Activité – Northside 6	-1611.478	2494.292	7.109
Activités et contrats	Activité – Northside 7	-1227.237	2902.781	7.156
Activités et contrats	Activité – Northside 8	-738.304	2526.211	53.684
Activités et contrats	Activité – Northside 9	-529.1	2445.615	57.666
Activités et contrats	Activité – Rancho Coronado 1	238.236	-1433.76	9.55
Activités et contrats	Activité – Rancho Coronado 10	-70.365	-1896.115	2.619
Activités et contrats	Activité – Rancho Coronado 11	-161.61	-2188.76	5.73
Activités et contrats	Activité – Rancho Coronado 12	983.12	-850.302	32.311
Activités et contrats	Activité – Rancho Coronado 13	59.887	-1808.801	-9.4
Activités et contrats	Activité – Rancho Coronado 14	193.67	-1508.104	8.81
Activités et contrats	Activité – Rancho Coronado 15	-70.834	-2235.406	7.127
Activités et contrats	Activité – Rancho Coronado 16	1098.216	-1036.88	29.59
Activités et contrats	Activité – Rancho Coronado 17	822.86	-1543.04	47.48
Activités et contrats	Activité – Rancho Coronado 2	468.11	-1439.388	19.649
Activités et contrats	Activité – Rancho Coronado 3	747.107	-1154.48	28.98
Activités et contrats	Activité – Rancho Coronado 4	645.192	-932.603	28.584
Activités et contrats	Activité – Rancho Coronado 5	-45.295	-1417.839	-0.878
Activités et contrats	Activité – Rancho Coronado 6	358.578	-2021.037	-2.89
Activités et contrats	Activité – Rancho Coronado 7	317.356	-1909.216	-5.88
Activités et contrats	Activité – Rancho Coronado 8	69.73	-1725.63	-10.21
Activités et contrats	Activité – Rancho Coronado 9	298.14	-987.24	20.46
Activités et contrats	Activité – The Glen 1	-1646.778	-1228.887	25.499
Activités et contrats	Activité – The Glen 2	-1983.45	-1028.413	7.634
Activités et contrats	Activité – The Glen 3	-1724.035	-214.309	-13.435
Activités et contrats	Activité – The Glen 4	-1539.863	-635.598	29.526
Activités et contrats	Activité – The Glen 5	-1246.196	-946.848	31.42
Activités et contrats	Activité – The Glen 6	-1569.314	-1047.951	9.163
Activités et contrats	Activité – The Glen 7	-1607.331	-1106.957	10.455
Activités et contrats	Activité – The Glen 8	-1413.865	-1216.187	27.811
Activités et contrats	Activité – Vista del Rey 1	-841.642	227.372	13.646
Activités et contrats	Activité – Vista del Rey 2	-1107.209	-203.495	-3.552
Activités et contrats	Activité – Vista del Rey 3	-958.108	-508.926	20.069
Activités et contrats	Activité – Vista del Rey 4	-492.945	-127.582	7.9
Activités et contrats	Activité – Vista del Rey 5	-953.84	-783.601	9.266
Activités et contrats	Activité – Vista del Rey 6	-820.469	-392.954	9.1
Activités et contrats	Activité – Wellsprings 1	-2576.192	-90.396	-0.291
Activités et contrats	Activité – Wellsprings 2	-2452.536	-830.063	14.052
Activités et contrats	Activité – Wellsprings 3	-2260.927	-633.107	7.4
Activités et contrats	Activité – Wellsprings 4	-2106.341	-759.799	7.635
Activités et contrats	Activité – Wellsprings 5	-2197.585	-985.316	36.16
Activités et contrats	Activité – Wellsprings 6	-2041.052	-1323.953	7.293
Activités et contrats	Activité – West Wind Estate 1	-2702.517	-2458.858	26.728
Activités et contrats	Activité – West Wind Estate 2	-2887.208	-2145.154	1.091
Activités et contrats	Activité – West Wind Estate 3	-2573.98	-2420.952	43
Activités et contrats	Activité – West Wind Estate 4	-2466.879	-2880.469	42.947
Activités et contrats	Activité – West Wind Estate 5	-2792.687	-2372.047	8.43
Activités et contrats	Activité – West Wind Estate 6	-2801.875	-2715.243	22.313
Missions de rue	Mission – Arroyo 1	-638.264	-1335.788	7.67
Missions de rue	Mission – Arroyo 2	-1102.064	-1534.052	26.295
Missions de rue	Mission – Arroyo 3	-567.72	-817.884	8.2
Missions de rue	Mission – Arroyo 4	-579.82	-1734.671	15.367
Missions de rue	Mission – Arroyo 5	-275.628	-1724.85	9.862
Missions de rue	Mission – Arroyo 6	-745.42	-1440.006	15.374
Missions de rue	Mission – Arroyo 7	-226.04	-835.56	259.95
Missions de rue	Mission – Arroyo 8	-650.148	-1153.923	13.461
Missions de rue	Mission – Badlands 1	4604.385	-1242.171	142.752
Missions de rue	Mission – Badlands 10	-2917.337	-4728.834	67.87
Missions de rue	Mission – Badlands 11	1376.391	-1687.116	49.306
Missions de rue	Mission – Badlands 12	-101.091	-5216.215	88.58
Missions de rue	Mission – Badlands 2	2673.929	-567.064	103.692
Missions de rue	Mission – Badlands 3	2544.031	-1697.538	76.269
Missions de rue	Mission – Badlands 4	-150.47	-4424.417	58.957
Missions de rue	Mission – Badlands 5	1914	-572.414	54.742
Missions de rue	Mission – Badlands 6	3645.719	-889.852	120.337
Missions de rue	Mission – Badlands 7	2130.762	-1806.783	66.701
Missions de rue	Mission – Badlands 8	4962.888	-1572.476	137.865
Missions de rue	Mission – Badlands 9	-1379.934	-3644.133	55.008
Missions de rue	Mission – Charter Hill 1	-3.236	8.155	138.904
Missions de rue	Mission – Charter Hill 2	-50.032	-275.946	3.537
Missions de rue	Mission – Charter Hill 3	413.699	-429.612	3.855
Missions de rue	Mission – Coast View 1	-2217.097	-1942.644	7.738
Missions de rue	Mission – Coast View 2	-1938.137	-1605.032	6
Missions de rue	Mission – Coast View 3	-2494.493	-2590.308	-1.881
Missions de rue	Mission – Corpo Plaza 1	-1344.787	-13.877	-6.771
Missions de rue	Mission – Dogtown 1	-1668.87	-2473.5	37.439
Missions de rue	Mission – Dogtown 10	-1823.684	-2398.981	40.107
Missions de rue	Mission – Dogtown 11	-1718.094	-2415	62.6
Missions de rue	Mission – Dogtown 12	-2237.21	-2556.312	80.548
Missions de rue	Mission – Dogtown 13	-1715.922	-2480.906	49.42
Missions de rue	Mission – Dogtown 2	-1371.07	-2075.9	75.837
Missions de rue	Mission – Dogtown 3	-1393.664	-2446.361	83
Missions de rue	Mission – Dogtown 4	-2133.183	-2299.813	19.218
Missions de rue	Mission – Dogtown 5	-2004.355	-2984.79	92.52
Missions de rue	Mission – Dogtown 6	-2147.941	-2774.66	35.49
Missions de rue	Mission – Dogtown 7	-1718.37	-2346.007	32.33
Missions de rue	Mission – Dogtown 8	-2512.03	-2750.63	29.4
Missions de rue	Mission – Dogtown 9	-2458.125	-2784.75	38.911
Missions de rue	Mission – Downtown 1	-2131.281	298.158	11.892
Missions de rue	Mission – Downtown 2	-1669.379	255.08	8.2
Missions de rue	Mission – Downtown 3	-1620.224	396.039	8.095
Missions de rue	Mission – Downtown 4	-1948.866	-32.811	0.533
Missions de rue	Mission – Downtown 5	-2144.794	471.897	11.042
Missions de rue	Mission – Downtown 6	-2443.62	65.3	4.12
Missions de rue	Mission – Japantown 1	-502.93	582.58	26.762
Missions de rue	Mission – Japantown 2	-556.944	690.602	35.311
Missions de rue	Mission – Japantown 3	-253.546	1641.355	36.329
Missions de rue	Mission – Japantown 4	-785.684	970.556	17.058
Missions de rue	Mission – Japantown 5	30.972	1652.364	128.858
Missions de rue	Mission – Japantown 6	-376.929	1440.976	36.302
Missions de rue	Mission – Kabuki 1	-1093.42	1547.022	2.098
Missions de rue	Mission – Kabuki 10	-1233.94	1967.67	7.87
Missions de rue	Mission – Kabuki 11	-1179.465	1771.05	23.374
Missions de rue	Mission – Kabuki 12	-1028.359	1240.755	6.007
Missions de rue	Mission – Kabuki 13	-1094.599	1457.361	16.064
Missions de rue	Mission – Kabuki 2	-794.936	1906.465	52.997
Missions de rue	Mission – Kabuki 3	-1157.625	2413.018	7.108
Missions de rue	Mission – Kabuki 4	-936.754	1788.639	32.361
Missions de rue	Mission – Kabuki 5	-1036.841	1348.919	13.29
Missions de rue	Mission – Kabuki 6	-1182.66	1122.27	29.54
Missions de rue	Mission – Kabuki 7	-1197.001	1398.108	24.59
Missions de rue	Mission – Kabuki 8	-1131.531	2152.961	12.362
Missions de rue	Mission – Kabuki 9	-1185.757	1735.889	23.48
Missions de rue	Mission – Little China 1	-2051.38	1228.82	3.89
Missions de rue	Mission – Little China 2	-1894.719	1245.031	17.844
Missions de rue	Mission – Little China 3	-1929.485	1148.58	13.273
Missions de rue	Mission – Little China 4	-1392.199	1962.469	-23.765
Missions de rue	Mission – Little China 5	-1742.571	1516.23	13.723
Missions de rue	Mission – Northside 1	-1531.44	2510.29	7.12
Missions de rue	Mission – Northside 10	-1345.265	2751.19	8.127
Missions de rue	Mission – Northside 11	-1846.66	2254.361	18.271
Missions de rue	Mission – Northside 2	-1096.733	2812.547	7.187
Missions de rue	Mission – Northside 3	-1697.471	2242.81	18.14
Missions de rue	Mission – Northside 4	-1697.35	2011.003	18.129
Missions de rue	Mission – Northside 5	-1499.147	2207.095	18.187
Missions de rue	Mission – Northside 6	-1815.826	2668.417	14.506
Missions de rue	Mission – Northside 7	-1510.555	2926.28	12.322
Missions de rue	Mission – Northside 8	-891.182	2355.998	53.06
Missions de rue	Mission – Northside 9	-1209.087	2267.986	6.971
Missions de rue	Mission – Rancho Coronado 1	322.2	-1920.69	-6.69
Missions de rue	Mission – Rancho Coronado 2	455.042	-1231.457	28.594
Missions de rue	Mission – Rancho Coronado 3	259.561	-1078.368	21.35
Missions de rue	Mission – Rancho Coronado 4	676.982	-1430.811	29.816
Missions de rue	Mission – Rancho Coronado 5	258.62	-1800.642	-7.831
Missions de rue	Mission – Rancho Coronado 6	131.002	-1591.185	9.042
Missions de rue	Mission – The Glen 1	-1451.394	-1033.263	9.241
Missions de rue	Mission – The Glen 2	-1439.19	-1299.19	48.18
Missions de rue	Mission – The Glen 3	-1682.541	-972.957	20.052
Missions de rue	Mission – The Glen 4	-1516.028	-1096.5	9.161
Missions de rue	Mission – The Glen 5	-1607.53	-556.99	5.28
Missions de rue	Mission – Vista del Rey 1	-806.312	-74.006	13.673
Missions de rue	Mission – Vista del Rey 2	-981.804	70.454	52.588
Missions de rue	Mission – Vista del Rey 3	-1108.051	-665.954	9.407
Missions de rue	Mission – Vista del Rey 4	-928.602	-199.38	9.118
Missions de rue	Mission – Vista del Rey 5	-533.927	1312.652	46.7
Missions de rue	Mission – Wellsprings 1	-2236.342	-1312.216	12.165
Missions de rue	Mission – Wellsprings 2	-2391.625	-1098.073	15.68
Missions de rue	Mission – Wellsprings 3	-2071.413	-993.994	7.647
Missions de rue	Mission – Wellsprings 4	-2472.023	-924.892	9.38
Missions de rue	Mission – Wellsprings 5	-2256.292	-405.172	2.378
Missions de rue	Mission – West Wind Estate 1	-508.656	-1917.342	13.343
Missions de rue	Mission 1	-1430.093	1331.349	120.988
Missions de rue	Mission 10	-1920.996	2765.417	7.235
Missions de rue	Mission 11	3328.832	-446.903	135.55
Missions de rue	Mission 12	-357.26	-952.36	6.62
Missions de rue	Mission 13	1793.451	2233.608	180.134
Missions de rue	Mission 14	-537.95	-740.44	7.797
Missions de rue	Mission 15	-1433.338	1018.273	16.525
Missions de rue	Mission 16	-1551.6	-159.2	11.45
Missions de rue	Mission 17	-1624.31	-386.768	-12.905
Missions de rue	Mission 18	-303.906	649.184	50.86
Missions de rue	Mission 19	45.841	799.699	132.043
Missions de rue	Mission 2	-1034.016	-81.435	7.3
Missions de rue	Mission 20	431.43	-2747.815	171.994
Missions de rue	Mission 21	-285.451	-1950.429	11.44
Missions de rue	Mission 22	-1259.15	-995.65	13.97
Missions de rue	Mission 23	-1444.593	1480.499	19.63
Missions de rue	Mission 24	-1022.066	-1563.988	26.649
Missions de rue	Mission 25	-694.507	955.355	12.011
Missions de rue	Mission 26	-693.131	761.747	35.695
Missions de rue	Mission 27	-1890.474	79.21	8.807
Missions de rue	Mission 28	-1554.16	1197.294	16.913
Missions de rue	Mission 29	-1449.962	1318.043	119.065
Missions de rue	Mission 3	-2391.475	-1952.896	17.973
Missions de rue	Mission 30	-695.587	761.427	34.659
Missions de rue	Mission 31	-1032.152	1809.457	45.823
Missions de rue	Mission 32	-984.025	-1593.074	10.628
Missions de rue	Mission 33	-1789.747	-1268.431	21.916
Missions de rue	Mission 34	-499.049	-1935.786	8.003
Missions de rue	Mission 35	-2119.386	-1999.271	15.951
Missions de rue	Mission 36	1859.68	-62.246	56.309
Missions de rue	Mission 37	3207.582	649.352	105.28
Missions de rue	Mission 38	-883.6	-1658.45	11.35
Missions de rue	Mission 39	2556.5	-1816.5	91.505
Missions de rue	Mission 4	-995.706	-710.866	8.258
Missions de rue	Mission 5	-1395.426	1301.771	119.075
Missions de rue	Mission 6	504.4	-2120.203	27.693
Missions de rue	Mission 7	1553.937	-1983.778	73.444
Missions de rue	Mission 8	-1430.178	1330.815	119.495
Missions de rue	Mission 9	-678.493	893.914	12
Autres lieux	dogtown gate – gate	-2059.91	-2319.379	20.8
