# Tracés (outil 📐) : nom, type, hauteur (m), points x;y;z séparés par |
mur 1	mur	4	-1496.66;1241.11;23.98|-1483.93;1223.22;24.49|-1471.38;1204.97;24.12|-1469.17;1201.52;30.41|-1472.16;1205.78;30.7|-1472.13;1205.82;31.78|-1469.66;1202.22;43.16|-1473.81;1208.14;43.01|-1496.77;1241.01;44.28
mur 2	mur	4	-1496.81;1241.12;44.28|-1494.82;1246.9;44.28|-1494.81;1246.31;24.14|-1496.67;1241.22;23.98
mur 3	mur	4	-1494.78;1246.4;24.14|-1485.66;1249.71;24.14|-1485.51;1249.53;44.27|-1494.63;1246.73;44.28
mur 4	mur	4	-1484.99;1249.49;44.27|-1484.08;1258.61;44.26|-1484.57;1257.69;30.77|-1484.89;1253.19;23.07|-1485.22;1249.85;23.14
mur 5	mur	4	-1461.18;1251.19;23.07|-1461.39;1247.74;23.09|-1462.16;1238.49;23.07|-1462.99;1235.1;23|-1464.09;1235.63;44.28|-1463.76;1252.16;44.28|-1460.66;1255.67;30.7|-1461.07;1251.38;23.2
mur 6	mur	4	-1463.01;1234.99;23|-1464.11;1235.33;44.28|-1449.26;1214.94;43.87|-1451.89;1218.62;32.49|-1452.04;1218.9;30.49|-1449.57;1215.37;30.35|-1452.14;1219;24.12|-1454.18;1221.95;24.16|-1462.03;1234.02;23
mur 7	mur	4	-1462.82;1234.92;23|-1462.02;1233.95;23
mur 8	mur	4	-1463.58;1255.3;44.28|-1463.94;1252.35;44.28|-1460.98;1251.94;29.05|-1461.05;1255.37;31.04
mur 9	mur	4	-1482.78;1256.97;31.04|-1481.46;1274.78;31.01|-1481.12;1276.39;38.8|-1483.07;1257.29;38.8|-1483.04;1257.13;31.04|-1481.52;1274.67;31.04
mur 10	mur	4	-1457.91;1272.74;31.02|-1459.86;1255.75;31.04|-1460.18;1255.71;38.8|-1458.26;1272.66;38.8
mur 11	mur	4	-1457.6;1275.94;24.1|-1457.76;1272.16;29.74|-1457.66;1273.24;29.78|-1458.5;1272.34;38.8|-1453.52;1329.93;38.8|-1452.83;1330.07;23.29|-1457.4;1277.61;24.1
mur 12	mur	4	-1481.74;1274.3;29.69|-1481.42;1277.96;24.02|-1478.56;1311.18;23.06|-1477.92;1309.71;38.8|-1481;1276.58;38.8|-1481.33;1275.91;31.09|-1481.64;1275.48;29.75|-1481.72;1274.5;29.79
mur 13	mur	4	-1478.4;1311.21;23.06|-1475.01;1317.66;20.88|-1473.48;1309.9;38.8|-1477.58;1309.3;38.8|-1473.16;1310.66;38.75|-1471.84;1330.66;38.74|-1472.84;1332.18;23.08|-1474.39;1311.44;24.14|-1472.39;1310.89;38.75
mur 14	mur	4	-1471.54;1330.56;38.74|-1455.01;1329.81;38.8|-1452.81;1330.32;23.43|-1472.83;1332.27;23.08|-1471.64;1330.3;38.75
plafond 15	plafond	4	-1449.28;1214.74;44.29|-1469.22;1201.09;44.29|-1494.56;1240.18;44.28|-1493.35;1245.09;44.28|-1485.85;1246.54;44.27|-1483.92;1249.28;44.27|-1483.35;1257.91;44.26|-1464.75;1254.09;44.28|-1464.49;1236.67;44.28|-1459.64;1229.31;44.48|-1450.97;1217.87;44.73
mur 16	mur	4	-1483.41;1257.89;44.26|-1464.61;1254.16;44.28|-1460.72;1255.3;39|-1483.26;1257.23;39.01
mur 17	mur	4	-1483.64;1258.13;44.26|-1483.37;1257.22;39.01|-1460.67;1255.45;39|-1463.11;1255.19;44.31
plafond 18	plafond	4	-1461.79;1256.46;38.8|-1481.57;1257.65;38.8|-1477.55;1308.44;38.8|-1473.65;1308.9;38.8|-1472.58;1310.78;38.75|-1470.61;1326.99;38.75|-1471.52;1328.83;38.75|-1454.37;1329.64;38.8|-1460.46;1255.92;38.8|-1453.39;1329.9;38.8
sol 19	sol	4	-1472.92;1332.35;23.08|-1452.83;1330.11;23.28|-1457.43;1275.91;23.76|-1481.42;1278.03;24.11|-1478.06;1310.73;23.06|-1474.48;1310.44;24.02|-1472.96;1332.24;23.08
sol 20	sol	4	-1458.2;1272.87;31.02|-1460.39;1255.42;31.04|-1482.83;1257.21;31.04|-1481.48;1274.85;31.01|-1458.71;1272.86;31.01
sol 21	sol	4	-1461.16;1251.34;23.07|-1484.91;1253.14;23.07|-1485.26;1249.67;23.14|-1486.14;1249.74;23.22|-1495.02;1246.24;24.14|-1504.06;1236.28;20.96|-1471.4;1204.7;24.35|-1452.13;1219.02;24.25|-1462.16;1235.03;23|-1461.08;1251.25;23.23
porte 22	porte	4	-1458.81;1268.62;31.04|-1459.01;1268.52;38.8|-1459.34;1261.29;38.8|-1459.5;1260.28;31.04
porte 23	porte	4	-1492.24;1272.84;23.08|-1484.92;1253.66;41.59|-1484.92;1253.68;41.14|-1484.81;1254.89;39.42
porte entree	porte	2.9	-1461.2;1245.1;39|-1461.2;1250.1;39|-1461.2;1250.1;41.9|-1461.2;1245.1;41.9
