# Kit « ncpd-the-glen » : centre -1509.9;-602.8;14, rayon 45 m, source game, 2026-10-10
# famille	modèle	nombre	apparences (les plus utilisées d'abord)	taille x;y;z	échelles vues	exemple de position
Architecture	base\environment\architecture\common\catwalk\catwalk_frame_a_h100_end.mesh	21	Red x21	0.27;0.31;1.37	0.83;0.83;0.83 | 0.77;1;0.94	-1509.6;-614.3;8.4
Architecture	base\environment\architecture\common\int\int_mlt_office_bathroom_a\int_mlt_office_bathroom_sink_alcove_a_mirror_l100.mesh	16	default x16	1;0.35;1.2	1.08;1;1	-1519.8;-602.5;9.1
Architecture	base\environment\architecture\common\tech_shell\tech_shell_b_l3m_b.mesh	14	blue x7, default x5, orange x2	3;0.93;2.06	0.21;0.21;0.21 | 0.43;0.43;0.43	-1513.7;-591.5;12.2
Architecture	base\environment\architecture\common\tech_shell\tech_shell_b_l3m_a.mesh	5	orange x3, blue, default	3;0.93;2.04	0.43;0.43;0.43 | 0.21;0.21;0.21	-1513.7;-592.8;12.2
Architecture	base\environment\architecture\common\tech_shell\tech_shell_b_l3m_a_addon.mesh	3	orange x2, default	2.87;0.33;1.63	0.43;0.43;0.43	-1513.7;-592.8;12.2
Architecture	base\environment\architecture\common\int\int_common_techpanel_a\int_common_techpanel_a_duct_h150_l200_b.mesh	2	default x2	2.01;0.22;1.3	0.82;1;1	-1514;-599.2;12.6
Architecture	base\environment\architecture\common\int\int_kts_club_viproom_a\int_kts_club_viproom_dancepole_r140_h40.mesh	2	default x2	2.8;2.8;0.41	0.7;0.7;0.47	-1529.6;-608.6;10.4
Architecture	base\environment\architecture\common\tech_canopy\tech_canopy_d_corner45_convex_extended_a.mesh	2	default x2	4.81;5.1;4.7		-1507.7;-597.4;37.1
Architecture	base\environment\architecture\common\int\int_common_techpanel_a\int_common_techpanel_a_duct_h150_l100_a.mesh	2	white x2	1.01;0.22;1.3		-1519.4;-600.3;10.6
Architecture	base\environment\architecture\common\int\int_common_techpanel_a\int_common_techpanel_a_duct_h150_l100_b.mesh	2	white x2	1.01;0.22;1.3	1.38;1;1	-1519.6;-607.7;10.6
Architecture	base\environment\architecture\common\int\int_mlt_office_bathroom_a\int_mlt_office_bathroom_sink_alcove_a_mirror_right.mesh	2	default x2	0.74;0.35;1.2		-1519.9;-607.5;9.1
Architecture	base\environment\architecture\common\int\int_common_techpanel_a\int_common_techpanel_a_duct_h150_l50_c270_a.mesh	2	white x2	0.5;0.51;1.3		-1519.2;-608.2;10.6
Architecture	base\environment\architecture\common\tech_canopy\tech_canopy_d_12m_straight_a.mesh	2	default x2	12.01;4.4;4.7		-1505.2;-595.1;37.1
Architecture	base\environment\architecture\common\tech_shell\tech_shell_b_l6m_b.mesh	1	green	6;0.86;1.71	0.4;0.52;0.4	-1533.7;-608.2;9.9
Assises	base\environment\decoration\furniture\industrial\industrial_stool\industrial_stool_a.mesh	9	default x9	0.46;0.46;0.81		-1506.4;-590.1;7.8
Assises	base\environment\decoration\furniture\industrial\neomilitary_industrial_bench\neomilitary_industrail_bench_a.mesh	6	default x6	1.72;0.46;0.46		-1512.7;-592.2;7.8
Assises	base\environment\decoration\electronics\medical\surgical_chair\surgical_chair_b_seat_aa.mesh	5	default x5	0.82;0.64;0.51		-1505.1;-592.2;8.4
Assises	base\environment\decoration\electronics\medical\surgical_chair\surgical_chair_b_footrest_aa.mesh	5	default x5	0.73;0.59;0.22		-1505.4;-592.2;8.6
Assises	base\environment\decoration\electronics\medical\surgical_chair\surgical_chair_b_headrest_aa.mesh	5	default x5	0.26;0.51;0.16		-1504.4;-592.2;9
Assises	base\environment\decoration\electronics\medical\surgical_chair\surgical_chair_b_backrest_aa.mesh	5	default x5	1.03;0.66;0.21		-1504.8;-592.2;8.5
Assises	base\environment\decoration\electronics\medical\surgical_chair\surgical_chair_b_armrest_ab.mesh	4	default x4	0.16;0.59;0.17		-1504.5;-592.6;8.9
Assises	base\environment\decoration\electronics\medical\surgical_chair\surgical_chair_b_armrest_ad.mesh	4	default x4	0.12;0.08;0.05		-1504.5;-592.5;8.9
Assises	base\environment\decoration\electronics\medical\surgical_chair\surgical_chair_b_base_aa.mesh	4	default x4	1.15;0.58;0.59		-1505.2;-592.2;7.8
Assises	base\environment\decoration\furniture\office\rich_office_chair\rich_office_chair_b.mesh	1	default	0.74;0.75;1.03		-1505.1;-596.3;7.8
Assises	base\environment\decoration\furniture\outdoor\poor_utility_stool\poor_utility_stool_b.mesh	1	default	0.38;0.35;0.45		-1516.9;-579.5;7.8
Cuisine et vaisselle	base\environment\decoration\containers\bottles\medicine_bottle\medicine_bottle_e_pill_a.mesh	11	default x11	0.01;0.03;0.01		-1521.8;-592.6;8.8
Cuisine et vaisselle	base\environment\decoration\containers\bottles\medicine_bottle\medicine_bottle_e.mesh	8	default x8	0.06;0.06;0.11		-1521.9;-592.8;8.8
Cuisine et vaisselle	base\environment\decoration\food\packaged_food\synthetic_snack\synthetic_snack_i.mesh	6	default x6	0.11;0.05;0.22		-1503;-597.4;8.7
Cuisine et vaisselle	base\environment\decoration\food\drinks\soda_can\soda_can_f_trash.mesh	6	default x6	0.08;0.08;0.2		-1518.6;-600.5;8.4
Cuisine et vaisselle	base\environment\decoration\containers\bottles\medicine_bottle\medicine_bottle_g.mesh	5	default x5	0.04;0.04;0.08		-1521.9;-592.6;8.8
Cuisine et vaisselle	base\environment\decoration\containers\bottles\medicine_bottle\medicine_bottle_d.mesh	5	default x5	0.07;0.07;0.11		-1521.8;-592.7;8.8
Cuisine et vaisselle	base\environment\decoration\food\drinks\takeout_cup\takeout_cup_e_lid_a.mesh	4	default x4	0.09;0.09;0.01		-1505.2;-609.7;7.6
Cuisine et vaisselle	base\environment\decoration\containers\bottles\medicine_bottle\medicine_bottle_f.mesh	4	default x4	0.04;0.04;0.12		-1515.8;-589.1;9.1
Cuisine et vaisselle	base\environment\decoration\sanitation\cleaning\bottle_disinfectant\bottle_disinfectant_c.mesh	3	default x3	0.15;0.15;0.29		-1505.7;-609.2;7.7
Cuisine et vaisselle	base\environment\decoration\food\drinks\takeout_cup\takeout_cup_f_simple_empty.mesh	3	default x3	0.08;0.08;0.11		-1511.2;-602.8;8.3
Cuisine et vaisselle	base\environment\decoration\containers\bottles\medicine_bottle\medicine_bottle_a.mesh	2	default x2	0.18;0.19;0.25		-1517;-584.8;9
Cuisine et vaisselle	base\quest\side_quests\sq021\entities\sq021_lab_cupb_dreams.ent	1	default			-1521.1;-585;7.9
Cuisine et vaisselle	base\quest\side_quests\sq021\entities\sq021_lab_cupb_cy.ent	1	default			-1500.5;-585.8;7.8
Cuisine et vaisselle	base\environment\decoration\food\drinks\drink_packaged\drink_packaged_a.mesh	1	default	0.11;0.12;0.28		-1515.9;-609.2;7.6
Cuisine et vaisselle	base\environment\decoration\food\packaged_food\synthetic_snack\synthetic_snack_e.mesh	1	default	0.15;0.02;0.15		-1504.1;-597.2;8.2
Cuisine et vaisselle	base\environment\decoration\food\drinks\drink_bottle\drink_bottle_e_beer.mesh	1	default	0.09;0.09;0.31		-1522.7;-608.7;7.6
Cuisine et vaisselle	base\environment\decoration\medical\accessories\medkit\medkit_stuff_bottle_a.mesh	1	default	0.07;0.07;0.2		-1519.9;-580.9;9.1
Cuisine et vaisselle	base\environment\decoration\containers\bottles\medicine_bottle\medicine_bottle_c.mesh	1	default	0.16;0.16;0.2		-1521.8;-585.7;7.9
Cuisine et vaisselle	base\environment\decoration\food\drinks\drink_bottle\drink_bottle_c_vodka.mesh	1	default	0.07;0.07;0.31		-1517.8;-608.8;7.6
Décalques	base\surfaces\textures\decals\colors\white_a.mi	28	default x28		0.12;1.98;0.02	-1509.5;-604.1;7.9
Décalques	base\environment\decoration\decals\mesh_decal\entropy_panel_05_a.mesh	16	default x16	0.61;0.31;0	1.68;1.68;1.68	-1510;-605.4;8.3
Décalques	base\surfaces\textures\decals\bullet_holes\bullet_hole_concrete_01a.mi	15	default x15		0.06;0.06;0.01 | 0.07;0.07;0.01	-1504.2;-607;11
Décalques	base\surfaces\textures\decals\dirt\gravel_patch_01a.mi	12	default x12		0.27;0.27;0.02 | 1;1;0.02	-1505.5;-609.2;7.6
Décalques	base\surfaces\textures\decals\bullet_holes\bullet_hole_concrete_01d.mi	11	default x11		0.06;0.06;0.01 | 0.07;0.07;0.01	-1503.2;-606;11.4
Décalques	base\surfaces\textures\decals\bullet_holes\bullet_hole_concrete_01b.mi	10	default x10		0.06;0.06;0.01 | 0.07;0.07;0.01	-1504.2;-607;11.1
Décalques	base\environment\decoration\decals\mesh_decal\entropy_panel_06_a.mesh	8	default x8	0.61;0.31;0	1.3;1.3;0.87 | 1.3;1.3;1.3	-1513.3;-601;8.2
Décalques	base\surfaces\textures\decals\bullet_holes\bullet_hole_concrete_01c.mi	7	default x7		0.06;0.06;0.01 | 0.07;0.07;0.01 | 0.13;0.13;0.02	-1502.9;-605.8;11.5
Décalques	base\environment\decoration\decals\mesh_decal\kitsch_panel_small_02_a.mesh	6	default x6	0.19;0.19;0	0.68;0.68;0.68	-1506;-598.2;9.5
Décalques	base\surfaces\textures\decals\dirt\dust_patch_01.mi	6	default x6		0.96;0.96;0.03	-1518.8;-599.8;7.9
Décalques	base\surfaces\textures\decals\dirt\dirt_e.mi	6	default x6		0.27;0.39;0.02	-1518.7;-599.9;8.3
Décalques	base\environment\decoration\decals\mesh_decal\kitsch_panel_small_07_a.mesh	4	default x4	0.45;0.22;0	1.36;1.36;1.36	-1508.2;-605.5;11.1
Décalques	base\environment\decoration\decals\mesh_decal\entropy_panel_small_03_b.mesh	4	default x4	0.21;0.17;0	1.69;1.69;1.69 | 1.13;1.69;1.69	-1513.6;-601.4;8.6
Décalques	base\environment\decoration\decals\mesh_decal\entropy_panel_small_08_a.mesh	3	default x3	0.31;0.07;0	1;1;0.67	-1513.3;-601.3;10.3
Décalques	base\surfaces\textures\decals\dirt\dirt_c.mi	3	default x3		2.94;1.61;0.08 | 2.94;1.61;0.05 | 2.29;1.22;0.07	-1518.9;-608.9;7.6
Décalques	base\surfaces\textures\decals\dirt\dirt_a.mi	3	default x3		4.54;1.95;0.1	-1499.2;-598.2;16.6
Décalques	base\surfaces\textures\decals\dirt\dirt_u_dark.mi	3	default x3		2.62;5.69;0.15 | 2.62;6.32;0.15	-1495;-596.1;7.6
Décalques	base\surfaces\textures\decals\graffiti\common\graffiti_common_no_future.mi	2	default x2		1.82;1;0.2 | 3.54;1.31;0.26	-1506.8;-611.7;8.3
Décalques	base\surfaces\textures\decals\wetness\puddle_rough_a.mi	2	default x2		1;1;0.2 | 2.09;2.09;0.05	-1513.2;-600.1;7.8
Décalques	base\surfaces\textures\decals\graffiti\valentinos\valentinos_dec_v02.mi	2	default x2		2.97;1;0.2 | 2.88;1.14;0.23	-1494.7;-591.6;8.4
Décalques	base\surfaces\textures\decals\decal_trash\decal_trash_06.mi	2	default x2		1.4;1.4;0.7 | 1.4;1.4;0.54	-1502.8;-613.6;7.7
Décalques	base\surfaces\textures\decals\graffiti\common\graffiti_common_i.mi	1	default		3.23;1.76;0.35	-1516.9;-608.7;8.8
Décalques	base\surfaces\textures\decals\graffiti\common\kids_drawing_e.mi	1	default		1;1;0.2	-1512.9;-578.2;8.6
Décalques	base\surfaces\textures\decals\road_damage\patches\asphalt_patch_01_h_new.mi	1	default		2.5;2.5;1	-1513.9;-621.7;7.4
Décalques	base\environment\decoration\decals\mesh_decal\entropy_panel_02_a.mesh	1	default	0.61;0.31;0		-1507.7;-597.6;9.3
Décalques	base\surfaces\textures\decals\road_damage\patches\asphalt_patch_02_c_old.mi	1	default		2;2;1	-1519.6;-618.9;7.4
Décalques	base\surfaces\textures\decals\road_markings\line_solid_double_x3.mi	1	default		1.37;5;0.73	-1503.3;-622.5;7.4
Décalques	base\surfaces\textures\decals\graffiti\valentinos\valentinos_dec_v10.mi	1	default		2.67;1;0.2	-1502.6;-611.6;7.6
Décalques	base\surfaces\textures\decals\graffiti\scavengers\scavengers_decal_v1.mi	1	default		1;1;0.2	-1521.3;-580.5;10.4
Décalques	base\surfaces\textures\decals\graffiti\scavengers\scavengers_decal_v26.mi	1	default		1;1;0.2	-1522.1;-580.4;10.1
Décalques	base\surfaces\textures\decals\graffiti\common\kids_drawing_a.mi	1	default		1;1;0.2	-1513;-579.7;8.4
Décalques	base\surfaces\textures\decals\graffiti\common\graffiti_common_g.mi	1	default		3.85;2.09;0.42	-1529;-608.3;8.8
Décalques	base\surfaces\textures\decals\road_damage\patches\asphalt_patch_01_f_old.mi	1	default		3.68;3.53;1	-1488.1;-599;7.4
Décalques	base\surfaces\textures\decals\graffiti\scavengers\scavengers_decal_v9.mi	1	default		1;1;0.2	-1521.2;-580.5;9.8
Décalques	base\surfaces\textures\decals\road_damage\patches\asphalt_patch_02_b_new.mi	1	default		2.5;2.5;1	-1522.6;-616.6;7.4
Décalques	base\surfaces\textures\decals\graffiti\scavengers\scavengers_decal_v24.mi	1	default		0.74;0.39;0.15	-1522.4;-580.4;10.8
Déco	base\environment\decoration\industrial\pipes\pipes_smallest_01\pipes_smallest_01_k.mesh	57	default x57	0.14;0.53;0.14		-1509.4;-593.3;12.1
Déco	base\environment\decoration\misc\paper\paper_document\paper_document_a.mesh	47	default x45, green x2	0.18;0.27;0	2.02;2.02;2.02 | 1.52;1.52;1.52	-1510.6;-605.4;10.7
Déco	base\environment\decoration\misc\paper\paper_document\paper_document_d_pile.mesh	24	default x24	0.21;0.3;0.01		-1504.2;-598.7;8.7
Déco	base\environment\decoration\industrial\pipes\pipes_smallest_01\pipes_smallest_01_c.mesh	23	default x23	0.14;2.04;0.14		-1509.4;-591.3;12.1
Déco	base\environment\decoration\misc\paper\paper_document\paper_document_e_pile.mesh	16	default x16	0.23;0.31;0.01		-1504.5;-597.9;8.8
Déco	base\environment\decoration\public_utility\roadblock\blockade\blockade_g.mesh	14	default x14	0.5;1.66;1.1		-1510.5;-613.3;7.6
Déco	base\environment\decoration\industrial\pipes\pipes_small_01\pipes_small_01_d.mesh	11	default x11	0.24;3;0.24		-1509;-591;11.9
Déco	base\environment\decoration\misc\paper\paper_document\paper_document_i_file_open.mesh	10	default x10	0.41;0.3;0.02		-1505.2;-597.5;8.6
Déco	base\environment\decoration\misc\paper\paper_document\paper_document_g_mess.mesh	10	default x8, green x2	0.56;0.63;0		-1503.9;-597.6;8.6
Déco	base\environment\decoration\containers\packaging\cardboard_box\cardboard_box_01_e_lid.mesh	8	default x8	0.44;0.44;0.06		-1513.6;-587.2;10.2
Déco	base\environment\decoration\misc\paper\magazine\magazine_e.mesh	8	default x8	0.23;0.3;0.01		-1506.4;-598.6;8.8
Déco	base\environment\decoration\misc\paper\paper_document\paper_document_f_mess.mesh	8	default x7, old	0.45;0.66;0	2.02;2.02;2.02	-1512;-605.3;10.3
Déco	base\environment\decoration\misc\paper\book\book_k.mesh	8	default x8	0.26;0.36;0.03		-1504.9;-597.6;8
Déco	base\environment\decoration\misc\paper\paper_document\paper_document_b_pile.mesh	8	default x7, old	0.26;0.33;0		-1502.6;-596.7;10.1
Déco	base\environment\decoration\misc\paper\magazine\magazine_b.mesh	7	default x7	0.23;0.31;0.01		-1506.4;-598.6;8.8
Déco	base\environment\decoration\tools\office\office_tool\office_tool_i_pen.mesh	7	default x7	0.02;0.02;0.14		-1503.9;-598.7;8.9
Déco	base\environment\decoration\misc\paper\magazine\magazine_h.mesh	7	default x7	0.23;0.3;0.01		-1506.4;-598.7;8.8
Déco	base\environment\decoration\public_utility\cable\cable_connector\cable_connector_a_med.mesh	6	default x6	0.14;0.02;0.14		-1514.3;-593.7;11.9
Déco	base\environment\decoration\tools\office\office_tool\office_tool_l_pen.mesh	6	default x6	0.01;0.01;0.15		-1503.8;-598.7;8.7
Déco	base\environment\decoration\misc\paper\magazine\magazine_d.mesh	6	default x6	0.23;0.3;0.01		-1502.8;-597.6;8.7
Déco	base\environment\decoration\garbage\trash\trash_packaging\trash_packaging_a.mesh	6	default x6	0.14;0.12;0.16		-1518.8;-599.7;8.3
Déco	base\environment\decoration\garbage\trash\trash_packaging\trash_packaging_d.mesh	6	default x6	0.39;0.35;0.07	0.57;0.57;0.57	-1518.7;-599.7;8.4
Déco	base\environment\decoration\public_utility\vents\ventilation_shaft_01\ventilation_shaft_01_z.mesh	6	default x6	1.48;0.19;0.78	0.7;0.7;0.7	-1509.9;-605.3;12.6
Déco	base\environment\decoration\misc\paper\book\book_a.mesh	5	default x5	0.18;0.27;0.02		-1503.6;-597.2;8
Déco	base\environment\decoration\misc\paper\paper_document\paper_document_j_file_closed.mesh	5	default x5	0.27;0.35;0.01		-1505.6;-597.7;8.6
Déco	base\environment\decoration\containers\packaging\postal_box\postal_box_g.mesh	4	default x4	0.32;0.26;0.29	1.21;1.21;1.21	-1515.7;-589.1;9
Déco	base\environment\decoration\industrial\pipes\cable_bundle_pipe\cable_bundle_pipe_01_i.mesh	4	default x4	0.22;0.5;0.21		-1518.7;-594.8;8.5
Déco	base\environment\decoration\misc\paper\book\book_j.mesh	4	default x4	0.15;0.24;0.02		-1503.5;-597.1;8
Déco	base\environment\decoration\medical\accessories\surgical_tool\surgical_tool_d_scissors.mesh	4	default x4	0.07;0.22;0.01		-1517.8;-589;9
Déco	base\environment\decoration\tools\office\office_tool\office_tool_k_pen.mesh	4	default x4	0.01;0.01;0.15		-1503.8;-598.7;8.7
Déco	base\environment\decoration\misc\paper\book\book_g.mesh	4	default x4	0.17;0.26;0.04		-1503.5;-597;8
Déco	base\environment\decoration\medical\accessories\surgical_tool\surgical_tool_g_syringe.mesh	4	default x4	0.19;0.12;0.02		-1517.1;-589;8.9
Déco	base\environment\decoration\textiles\cleaning\cleaning_rag\cleaning_rag_c_bloody.mesh	4	default x4	0.44;0.63;0.1	0.4;0.4;0.4	-1505.7;-609.5;7.6
Déco	base\environment\decoration\misc\paper\paper_trash\paper_trash_o_scattered_a.mesh	3	default x3	1.81;1.48;0.04		-1505.4;-609.4;7.6
Déco	base\environment\decoration\misc\paper\magazine\magazine_c.mesh	3	default x3	0.23;0.3;0.01		-1506.4;-598.6;8.8
Déco	base\environment\decoration\misc\paper\magazine\magazine_f.mesh	3	default x3	0.23;0.3;0.01		-1504.9;-597.5;7.9
Déco	base\environment\decoration\containers\packaging\foam_box\foam_box_a.mesh	3	default x3	0.56;0.43;0.23	1.1;1.1;1.1	-1523.8;-589.7;7.8
Déco	base\environment\decoration\garbage\bins\industrial_trash_can\industrial_trash_can_c_dst.mesh	3	default x3	0.46;0.46;0.88		-1505.5;-609.3;7.6
Déco	base\environment\decoration\misc\paper\book\book_d.mesh	3	default x3	0.16;0.25;0.02		-1503.6;-597.2;8
Déco	base\environment\decoration\containers\packaging\postal_box\postal_box_f.mesh	3	default x3	0.4;0.2;0.2		-1524.3;-589.8;8.2
Déco	base\environment\decoration\misc\paper\magazine\magazine_a.mesh	3	default x3	0.23;0.3;0.02		-1506.1;-598.7;8.7
Déco	base\environment\decoration\misc\paper\book\book_l.mesh	3	default x3	0.25;0.36;0.03		-1504.9;-597.5;8
Déco	base\environment\decoration\garbage\bins\entropy_trashbin\entropy_trashbin_a.mesh	3	default x3	0.48;0.34;0.85		-1507;-598.8;7.8
Déco	base\environment\decoration\tools\office\office_tool\office_tool_a_stapler.mesh	3	default x3	0.04;0.18;0.08		-1504.3;-597.6;8.6
Déco	base\environment\decoration\containers\packaging\cardboard_box\cardboard_box_01_j_opened.mesh	3	default x3	0.75;1.1;0.3	0.8;0.8;0.8 | 0.56;0.56;0.56	-1503.6;-597.2;7.8
Déco	base\environment\decoration\garbage\trash\foil_bag\foil_bag_f.mesh	3	default x3	0.37;0.55;0.1		-1505.2;-609.6;7.6
Déco	base\environment\decoration\containers\packaging\postal_box\postal_box_d.mesh	3	default x3	0.51;0.68;0.09		-1524.3;-589.8;7.9
Déco	base\environment\decoration\apparel\cosmetics\grooming_product\grooming_product_b.mesh	3	default x3	0.06;0.06;0.24		-1505.1;-609.4;7.6
Déco	base\environment\decoration\misc\paper\magazine\magazine_i.mesh	3	default x3	0.23;0.3;0.01		-1511.6;-602.5;8.3
Déco	base\environment\decoration\tools\office\office_tool\office_tool_b_tape_dispenser.mesh	3	default x3	0.07;0.17;0.09		-1504.2;-597.9;8.6
Déco	base\environment\decoration\misc\paper\book\book_b.mesh	3	default x3	0.16;0.24;0.02		-1503.7;-597.2;8
Déco	base\environment\decoration\containers\gallons\water_container_small\water_container_small_c_lid_a.mesh	2	default x2	0.83;0.83;0.16	0.61;0.61;0.61	-1528.8;-593;8.7
Déco	base\environment\decoration\containers\gallons\water_container_small\water_container_small_c.mesh	2	default x2	0.82;0.87;1.11	0.74;0.74;0.74	-1528.9;-593;7.9
Déco	base\environment\decoration\toys\children\totem_pole_toy\totem_pole_toy.mesh	2	default x2	0.14;0.08;0.3		-1513.9;-579;8
Déco	base\environment\decoration\industrial\pipes\cable_bundle_pipe\cable_bundle_pipe_01_e.mesh	2	default x2	0.3;0.3;0.26		-1519.2;-594.8;8.5
Déco	base\environment\decoration\containers\packaging\cardboard_box_open\cardboard_box_open_a.mesh	2	default x2	0.22;0.32;0.07	1.5;1.5;1.5	-1523.8;-608.7;7.6
Déco	base\environment\decoration\tools\office\office_tool\office_tool_h_pen.mesh	2	default x2	0.03;0.02;0.11		-1503.9;-597.9;8.8
Déco	base\environment\decoration\misc\paper\ticket\ticket_a_bus.mesh	2	default x2	0.03;0.06;0	2.4;2.4;2.4	-1506.2;-594.5;10.5
Déco	base\environment\decoration\toys\children\toy_cube\toy_cube_colors_a.mesh	2	default x2	0.06;0.06;0.06		-1513.6;-579.3;7.9
Déco	base\environment\decoration\containers\packaging\cardboard_box\cardboard_box_c_open.mesh	2	default x2	0.84;0.78;0.44	0.72;0.72;0.72	-1525.3;-593.5;9.7
Déco	base\environment\decoration\industrial\pipes\cable_bundle_pipe\cable_bundle_pipe_01_j.mesh	2	default x2	0.12;1.75;0.12		-1519.2;-594.8;10.4
Déco	base\environment\decoration\tools\office\office_tool\office_tool_d_scissors.mesh	2	default x2	0.07;0.01;0.17		-1503.8;-597.9;8.6
Déco	base\environment\decoration\tools\workshop\workshop_tool\workshop_tool_s_shears.mesh	2	default x2	0.17;0.27;0.02	0.95;0.95;0.95	-1504.3;-597.3;8.3
Déco	base\environment\decoration\textiles\bedding\bed_pillow\bed_pillow_a.mesh	2	default x2	0.68;0.36;0.14		-1513.8;-579.9;7.9
Déco	base\environment\decoration\industrial\pipes\cable_bundle_pipe\cable_bundle_pipe_01_0.mesh	2	default x2	1.1;1.1;0.21		-1520.2;-594.7;11.4
Déco	base\environment\decoration\public_utility\cable\braindance_cable_set\braindance_cable_set_m.mesh	2	default x2	0.15;0.18;0.22	0.6;0.6;0.6	-1520.1;-585.8;8
Déco	base\environment\decoration\misc\paper\book\book_i.mesh	2	default x2	0.17;0.26;0.03		-1518.4;-580;9.5
Déco	base\environment\decoration\misc\paper\newspaper\newspaper_g_folded_tabloid.mesh	2	default x2	0.31;0.38;0.02		-1506.5;-597.7;8.6
Déco	base\environment\decoration\public_utility\cable\cable_connector\cable_connector_c_plug_med.mesh	2	default x2	0.24;0.24;0.09	1.5;1.5;1.5	-1515.7;-593.9;11.9
Déco	base\environment\decoration\industrial\equipment\cable_coil\cable_coil_b.mesh	2	default x2	0.55;0.59;0.2	0.38;0.38;0.38	-1520.2;-585.7;8
Déco	base\environment\decoration\industrial\equipment\fire_extinguisher\fire_extinguisher_a.mesh	2	default x2	0.3;0.36;0.94		-1507.5;-598.6;8.9
Déco	base\environment\decoration\misc\paper\book\book_c.mesh	2	default x2	0.15;0.23;0.03		-1513.6;-578.5;7.9
Déco	base\environment\decoration\misc\paper\newspaper\newspaper_c_folded.mesh	2	default x2	0.42;0.76;0.03		-1522.8;-593.9;10.1
Déco	base\environment\decoration\industrial\machine\factory_machine_medium\factory_machine_medium_e.mesh	2	black x2	3.71;1.76;3	0.92;1;1	-1500.6;-590.6;7.8
Déco	base\environment\decoration\misc\paper\magazine\magazine_g.mesh	2	default x2	0.23;0.3;0.01		-1506.4;-598.6;8.7
Déco	base\environment\decoration\containers\packaging\foam_box\foam_box_f_trash.mesh	1	default	0.22;0.24;0.08		-1517.5;-609;7.6
Déco	base\environment\decoration\misc\paper\book\book_f.mesh	1	default	0.14;0.21;0.02		-1513.4;-577.8;8
Déco	base\environment\decoration\textiles\cleaning\cleaning_rag\cleaning_rag_b.mesh	1	default	0.4;0.53;0.1	0.48;0.48;0.48	-1527.4;-588.7;8.2
Déco	base\environment\decoration\misc\painting\paint_spray\paint_spray_a.mesh	1	default	0.07;0.07;0.18		-1515.8;-609.6;7.6
Déco	base\environment\decoration\industrial\pipes\pipes_smallest_01\pipes_smallest_01_e.mesh	1	default	0.2;0.2;0.14		-1521.3;-595.5;12.1
Déco	base\environment\decoration\tools\workshop\workshop_tool\workshop_tool_g_pliers.mesh	1	default	0.1;0.24;0.02		-1522.2;-592.7;8.1
Déco	base\environment\decoration\public_utility\cable\braindance_cable_set\braindance_cable_set_c.mesh	1	default	0.05;0.07;0.83	0.3;0.3;0.3	-1504.1;-597.4;8.2
Déco	base\environment\decoration\recreation\smoking\cigarette\cigarette_g_pack.mesh	1	default	0.11;0.12;0.01		-1518.8;-579.9;9.4
Déco	base\environment\decoration\garbage\trash\trash_packaging\trash_packaging_b.mesh	1	default	0.19;0.18;0.03	1.08;1.08;1.08	-1526.3;-608.8;7.6
Déco	base\environment\decoration\garbage\trash\trash_packaging\trash_packaging_g.mesh	1	default	0.09;0.09;0.15		-1526.3;-608.8;7.6
Déco	base\environment\decoration\medical\accessories\medical_container\medical_container_b.mesh	1	default	0.36;0.25;0.06		-1526.8;-588.7;9
Déco	base\environment\decoration\tools\office\office_tool\office_tool_e_pen.mesh	1	default	0.01;0.01;0.15		-1503.9;-597.9;8.8
Déco	base\environment\decoration\misc\paper\book\book_e.mesh	1	default	0.14;0.22;0.02		-1513.4;-577.9;8
Déco	base\environment\decoration\public_utility\cable\braindance_cable_set\braindance_cable_set_j.mesh	1	default	0.12;0.23;0.34	0.5;0.5;0.5	-1504.4;-597.8;8.7
Déco	base\environment\decoration\industrial\pipes\pipes_smallest_01\pipes_smallest_01_g.mesh	1	default	0.14;0.31;0.14		-1521.5;-595.5;12.1
Déco	base\environment\decoration\public_utility\roadblock\road_barrier\road_barrier_d_stand.mesh	1	orange	2.26;0.25;1.1		-1495.7;-601.2;7.6
Déco	base\environment\decoration\tools\office\office_tool\office_tool_c_puncher.mesh	1	default	0.14;0.1;0.07		-1504.5;-597.2;8.3
Déco	base\environment\decoration\tools\office\office_tool\office_tool_j_pen.mesh	1	default	0.02;0.02;0.14		-1517.4;-594.6;9.1
Déco	base\environment\decoration\misc\paper\newspaper\newspaper_a_full.mesh	1	default	0.85;0.76;0.03		-1510.6;-602.8;8.3
Déco	base\environment\decoration\containers\cases\military_case\military_case_g.mesh	1	default	0.44;0.6;0.3	0.7;0.7;0.7	-1522.9;-581;8
Déco	base\environment\decoration\industrial\pipes\cable_bundle_pipe\cable_bundle_pipe_01_k.mesh	1	default	0.12;3.29;0.12		-1530.4;-586.8;11.4
Déco	base\environment\decoration\containers\packaging\postal_box\postal_box_b.mesh	1	default	0.57;0.42;0.38		-1517.8;-593.7;8
Déco	base\environment\decoration\public_utility\vents\ventilation_shaft_01\ventilation_shaft_01_b.mesh	1	default	1.34;0.64;1		-1508.3;-581.9;11.7
Déco	base\environment\decoration\industrial\pipes\cable_bundle_pipe\cable_bundle_pipe_01_l.mesh	1	default	0.12;1.75;0.19		-1530.5;-590;11.4
Déco	base\environment\decoration\containers\packaging\foam_box\foam_box_a_lid_a.mesh	1	default	0.56;0.43;0.06		-1516.5;-609.4;7.6
Déco	base\environment\decoration\misc\paper\newspaper\newspaper_i_pile.mesh	1	default	0.39;0.4;0.09		-1511.6;-602.8;8.3
Déco	base\environment\decoration\garbage\trash\trash_packaging\trash_packaging_f.mesh	1	default	0.29;0.34;0.24		-1526.4;-608.7;7.6
Déco	base\environment\decoration\misc\paper\newspaper\newspaper_d_folded.mesh	1	default	0.42;0.76;0.02		-1522.3;-593.9;10.2
Déco	base\environment\decoration\apparel\cosmetics\grooming_product\grooming_product_g.mesh	1	default	0.13;0.13;0.04		-1527.4;-588.7;8.3
Déco	base\environment\decoration\containers\packaging\postal_box\postal_box_e.mesh	1	default	0.46;0.74;0.16	0.71;0.71;0.71	-1517.4;-593.7;8.3
Déco	base\environment\decoration\misc\paper\book\book_h.mesh	1	default	0.16;0.24;0.02		-1513.4;-577.8;8
Déco	base\environment\decoration\misc\paper\magazine\magazine_n_open.mesh	1	default	0.47;0.31;0.04		-1506.5;-597.7;8.7
Déco	base\environment\decoration\industrial\equipment\cable_coil\cable_coil_a.mesh	1	default	0.62;0.62;0.3	0.5;0.5;0.5	-1523.8;-589.7;7.9
Déco	base\environment\decoration\misc\paper\paper_document\paper_document_h_mess.mesh	1	default	0.5;0.79;0		-1533.2;-600;8.6
Déco	base\environment\decoration\textiles\bedding\blanket\blanket_e.mesh	1	entripism_b	0.76;0.86;0.24		-1514;-577.8;7.9
Déco	base\environment\decoration\public_utility\vents\ventilation_shaft_01\ventilation_shaft_01_f.mesh	1	default	1.34;0.88;0.88		-1512.2;-593.3;11.7
Déco	base\environment\decoration\textiles\clothes\clothes_folded\clothes_folded_pants.mesh	1	default	0.3;0.27;0.06	1.7;1.7;1.7	-1525.4;-593.4;9.9
Déco	base\environment\decoration\tools\workshop\workshop_tool\workshop_tool_l_cutter.mesh	1	default	0.27;0.24;0.05		-1504.4;-597.2;8.2
Déco	base\environment\decoration\tools\office\office_tool\office_tool_g_pen.mesh	1	default	0.03;0.02;0.11		-1517.6;-584.9;9
Déco	base\environment\decoration\misc\paper\newspaper\newspaper_h_folded_tabloid.mesh	1	default	0.3;0.38;0.02		-1523.1;-593.9;10.1
Déco	base\environment\decoration\tools\workshop\workshop_tool\workshop_tool_a_wrench.mesh	1	default	0.07;0.4;0.02		-1519.9;-580.8;9.1
Déco	base\environment\decoration\misc\paper\book\book_m_open.mesh	1	default	0.33;0.26;0.07		-1514.1;-578.6;7.9
Électronique	base\gameplay\devices\home_appliances\tv_sets\tv_1.ent	11	tv_television_entropy_16x9 x11			-1503.1;-600.8;11.4
Électronique	base\environment\decoration\electronics\entertainment\television\television_a_16x9.mesh	10	default x10	1.26;0.18;0.85		-1506.3;-594.4;10.7
Électronique	base\environment\decoration\electronics\entertainment\television\television_a_16x9_screen_a.mesh	10	default x10	1.16;0;0.66		-1506.3;-594.4;10.7
Électronique	base\environment\decoration\electronics\attachments\monitor_arm\monitor_arm_i.mesh	8	default x8	0.05;0.06;0.05		-1506.2;-597.7;9.1
Électronique	base\environment\decoration\electronics\devices\universal_device_marker\universal_device_marker_a.mesh	7	default x7	0.15;0.28;0.11		-1515.4;-609;11.4
Électronique	base\environment\decoration\electronics\attachments\fuse_box_small\fuse_box_small_g.mesh	7	default x7	0.31;0.1;0.41	0.49;0.49;0.49	-1507.7;-597.5;8.3
Électronique	base\environment\decoration\electronics\medical\machine_iv_stand\machine_iv_stand_b.mesh	6	default x6	1.09;1.07;1.95		-1514;-592.9;7.9
Électronique	base\gameplay\devices\masters\computers\laptop_1.ent	5	laptop_laptop_1 x5			-1505.8;-589.5;8.6
Électronique	base\environment\decoration\electronics\attachments\airconditioner_exterior\airconditioner_exterior_h_mounting.mesh	4	default x4	1.02;1.32;1.16		-1522;-608.9;17.8
Électronique	base\environment\decoration\electronics\attachments\monitor_arm\monitor_arm_h.mesh	4	default x4	0.06;0.06;0.07		-1503.4;-597.9;9.1
Électronique	base\environment\decoration\electronics\attachments\airconditioner_exterior\airconditioner_exterior_a.mesh	4	default x4	0.61;1.37;0.67		-1522;-609.2;17.8
Électronique	base\environment\decoration\electronics\attachments\military_cables_01\military_cables_02_b_straight.mesh	4	default x4	1.22;0.03;0.11		-1531.7;-593.5;12
Électronique	base\environment\decoration\electronics\attachments\monitor_arm\monitor_arm_l.mesh	4	default x4	0.28;0.32;0.02		-1506.1;-597.7;8.6
Électronique	base\environment\decoration\electronics\attachments\large_fusebox_attachment\large_fusebox_attachment_j.mesh	3	default x3	0.21;1.8;0.66		-1507.6;-595.4;9.7
Électronique	base\environment\decoration\electronics\attachments\military_cables_01\military_cables_01_d_bend_180deg_a.mesh	3	default x3	0.69;0.11;1.37	0.7;0.7;0.7	-1514.3;-593.7;11.9
Électronique	base\environment\decoration\electronics\attachments\monitor_arm\monitor_arm_s.mesh	2	default x2	0.07;0.1;0.1		-1506.1;-597.6;9.3
Électronique	base\environment\decoration\electronics\attachments\monitor_arm\monitor_arm_ac.mesh	2	default x2	0.05;0.07;0.05		-1506.1;-597.7;9.2
Électronique	base\environment\decoration\electronics\attachments\monitor_arm\monitor_arm_o.mesh	2	default x2	0.11;0.16;0.16		-1503.4;-597.8;9.1
Électronique	base\environment\decoration\electronics\devices\screen_device\monitor_d_screen.mesh	2	screen_2 x2	0.01;0.98;0.42		-1506;-597.5;9.3
Électronique	base\environment\decoration\electronics\medical\medical_electronic_small\medical_electronic_small_merged_d.mesh	2	default x2	0.47;0.55;0.16		-1521.6;-593.6;9.1
Électronique	base\environment\decoration\electronics\attachments\military_cables_01\military_cables_01_a_bend_45deg_a.mesh	2	default x2	0.72;0.37;0.32	0.6;0.6;0.6	-1515.7;-593.5;11.2
Électronique	base\environment\decoration\electronics\attachments\monitor_arm\monitor_arm_v.mesh	2	default x2	0.1;0.04;0.07		-1506.1;-597.7;9.3
Électronique	base\environment\decoration\electronics\attachments\monitor_arm\monitor_arm_u.mesh	2	default x2	0.09;0.09;0.09		-1506.1;-597.7;8.7
Électronique	base\environment\decoration\electronics\attachments\monitor_arm\monitor_arm_c.mesh	2	default x2	0.1;0.11;0.2		-1503.4;-598;8.7
Électronique	base\environment\decoration\electronics\attachments\monitor_arm\monitor_arm_aa.mesh	2	default x2	0.05;0.07;0.05		-1506.1;-597.7;9.1
Électronique	base\environment\decoration\electronics\attachments\monitor_arm\monitor_arm_y.mesh	2	default x2	0.05;0.03;0.03		-1506.1;-597.7;9.3
Électronique	base\environment\decoration\electronics\medical\machine_iv_stand\machine_iv_stand_a.mesh	2	default x2	1.09;1.07;1.36		-1514;-591.6;7.9
Électronique	base\environment\decoration\electronics\attachments\monitor_arm\monitor_arm_j.mesh	2	default x2	0.08;0.21;0.07		-1503.4;-598;9
Électronique	base\environment\decoration\electronics\attachments\military_cables_01\military_cables_01_a_bend_90deg_a.mesh	2	default, green	0.53;0.53;0.31	0.5;0.5;0.9 | 0.6;0.6;0.6	-1515.7;-593.6;11.9
Électronique	base\environment\decoration\electronics\attachments\monitor_arm\monitor_arm_k.mesh	2	default x2	0.05;0.21;0.05		-1506.1;-597.7;8.9
Électronique	base\environment\decoration\electronics\attachments\monitor_arm\monitor_arm_t.mesh	2	default x2	0.09;0.95;0.38		-1506.1;-597.6;9.3
Électronique	base\environment\decoration\electronics\attachments\monitor_arm\monitor_arm_d.mesh	2	default x2	0.09;0.09;0.18		-1503.4;-597.8;9.1
Électronique	base\environment\decoration\electronics\devices\monitor_device\monitor_device_d.mesh	2	default x2	0.08;0.99;0.43		-1506;-597.5;9.3
Électronique	base\environment\decoration\electronics\attachments\fuse_box_small\fuse_box_small_a.mesh	1	green	0.8;0.34;0.39	0.44;0.34;0.59	-1534.8;-608.4;10.7
Électronique	base\environment\decoration\electronics\attachments\large_fusebox_attachment\large_fusebox_attachment_i.mesh	1	green	0.05;0.22;0.09	2.7;2.7;2.7	-1534.8;-608.3;10.9
Électronique	base\environment\decoration\electronics\attachments\attachments_fuse_box\attachments_fuse_box_g.mesh	1	default	0.51;1.01;0.47		-1513;-594.8;8.1
Électronique	base\environment\decoration\electronics\attachments\fuse_box_large\fuse_box_large_module_h.mesh	1	default	2.13;0.36;0.47		-1520.2;-598;11.4
Électronique	base\environment\decoration\electronics\attachments\attachments_fuse_box\attachments_fuse_box_m.mesh	1	default	0.1;0.31;0.84		-1508.1;-595.2;9.4
Électronique	base\environment\decoration\electronics\attachments\airconditioner_exterior\airconditioner_exterior_g_mounting.mesh	1	default	1.03;1.14;0.24		-1522;-608.8;17.3
Électronique	base\environment\decoration\electronics\devices\screen_device\monitor_b.ent	1	monitor_b_monitor_b_05			-1521.3;-579.5;10.7
Électronique	base\environment\decoration\electronics\hardware\credit_chip\credit_chip_b.mesh	1	default	0.11;0.05;0		-1504.4;-597.4;8.7
Électronique	base\environment\decoration\electronics\attachments\military_cables_02\military_cables_02_e_socket.mesh	1	default	0.22;0.01;0.28	1.4;18.26;1.4	-1520.2;-594.8;11.4
Électronique	base\environment\decoration\electronics\medical\neo_milit_medical_device\neo_milit_medical_device_b.mesh	1	default	1.15;0.6;0.22		-1523.3;-590.1;9
Électronique	base\environment\decoration\electronics\appliances\coffee_machine\coffee_machine_b_pot_a.mesh	1	default	0.27;0.19;0.15		-1503.1;-597.5;8.6
Électronique	base\environment\decoration\electronics\attachments\airconditioner_exterior\airconditioner_exterior_b.mesh	1	default	1.1;1.28;0.86		-1522;-608.8;17.3
Électronique	base\environment\decoration\electronics\attachments\fuse_box_large\fuse_box_large_module_j.mesh	1	default	1.54;0.18;0.51		-1520.1;-596.2;11.4
Électronique	base\environment\decoration\electronics\attachments\fuse_box_small\fuse_box_small_q.mesh	1	default	0.23;0.27;0.33	0.4;0.4;0.4	-1523.6;-589.7;8.1
Électronique	base\environment\decoration\electronics\attachments\fuse_box_large\fuse_box_large_b.mesh	1	default	3.84;0.59;5.03	0.56;0.56;0.56	-1520.6;-595.2;10.2
Électronique	base\environment\decoration\electronics\medical\medical_electronic_small\medical_electronic_small_merged_f.mesh	1	default	0.38;0.5;0.18		-1526.9;-589.4;9.1
Électronique	base\environment\decoration\electronics\devices\screen_device\monitor_a.ent	1	default			-1503.4;-597.7;9.1
Électronique	base\environment\decoration\electronics\audio\kitsch_dj_set\kitsch_dj_set_a.mesh	1	default	0.83;0.32;0.15		-1518.5;-579.9;8.3
Enseignes et pubs	base\environment\decoration\advertising\posters\poster\poster_shotgun_smart.mesh	5	default x5	0.57;0;0.85	0.7;0.7;0.7 | 0.68;0.68;0.68	-1503.6;-595.5;9.5
Enseignes et pubs	base\environment\decoration\advertising\posters\poster\poster_rifle_smart.mesh	5	default x5	0.57;0;0.85		-1515.5;-594.7;10.1
Enseignes et pubs	base\environment\decoration\advertising\digital\poor_digital_billboard\poor_digital_billboard_c.mesh	4	default x4	12.17;0.91;4.89	0.75;0.75;0.75	-1513.1;-608.8;7.7
Enseignes et pubs	base\environment\decoration\advertising\digital\poor_digital_billboard\poor_digital_billboard_f.mesh	4	default x4	4.11;0.9;12.93	0.75;0.75;0.75	-1510.8;-609.3;20.5
Enseignes et pubs	base\surfaces\textures\decals\symbols\ncpd_logo_01.mi	3	default x3		1.22;0.61;0.12 | 1.62;0.81;0.16 | 1.87;1.04;0.37	-1505.1;-598.5;12.2
Enseignes et pubs	base\environment\decoration\advertising\posters\poster\poster_weapon_classes.mesh	3	default x3	0.57;0;0.85	0.64;0.64;0.64	-1503.6;-595.5;10.1
Enseignes et pubs	base\environment\decoration\kitbash\stickers\sign_toilet\sign_toilet_a_unisex.mesh	2	default x2	0.01;0.14;0.2	1.75;1.75;1.75	-1518.1;-599.2;6.8
Enseignes et pubs	base\surfaces\textures\decals\signs\warning_horiz_activities_recorded_a_d.mi	2	default x2		0.44;0.44;0.09 | 0.41;0.41;0.08	-1512.8;-586.2;10.1
Enseignes et pubs	base\prefabs\environment\decoration\_decoration_set\adverts\glen\hangout_commercials_long_gle.ent	2	default x2			-1516.1;-614.2;7.4
Enseignes et pubs	base\prefabs\environment\decoration\_decoration_set\adverts\glen\hangout_commercials_short_gle.ent	2	default x2			-1494.4;-602.4;7.4
Enseignes et pubs	base\environment\decoration\advertising\posters\poster\armbladeshop_poster_01.mesh	1	default	0.41;0;0.63		-1505.1;-594.5;9.6
Enseignes et pubs	base\environment\decoration\advertising\signage\locations_signages\signage_ncpd.mesh	1	default	3.93;0.25;1.97	1.53;1.53;1.53	-1503.9;-608.8;16.6
Enseignes et pubs	base\environment\decoration\advertising\posters\poster\poster_fixer.mesh	1	default	0.57;0;0.85		-1526.8;-593.8;10.4
Enseignes et pubs	base\environment\decoration\advertising\posters\poster\poster_pickles.mesh	1	static	0.9;0;0.44	0.6;0.6;0.6	-1504.6;-594.5;9.3
Enseignes et pubs	base\surfaces\textures\decals\signs\notice_horiz_keep_out_private_a_d.mi	1	default		0.52;0.34;0.1	-1503.7;-608.4;10.3
Enseignes et pubs	base\environment\decoration\advertising\frames\billboard_frame\billboard_frame_l_screen_a.mesh	1	default	5.73;0.14;4.3	0.24;0.25;0.22	-1513.1;-582.3;10.6
Enseignes et pubs	base\environment\decoration\advertising\posters\poster\poster_q_samurai.mesh	1	default	0.57;0;0.85		-1504.6;-594.5;9.9
Lumières	base\environment\architecture\megabuilding\decorations\lighting\megabuilding_deco_hanging_lamp_a.mesh	45	blue_tint x25, turqoise x11, default x9	1.63;0.17;0.56		-1510.6;-600.4;12.3
Lumières	base\environment\decoration\lighting\residential\corridor_light\corridor_light_e.mesh	9	on x9	2.4;0.45;0.12	1;0.27;0.36 | 0.96;0.27;0.35	-1506.7;-588.5;9
Lumières	base\lighting\emissive_boxes\emissive_cube_greenserver.mesh	6	default x6	1;1;1	1.96;0.38;0.05 | 3.9;0.38;0.05	-1517.1;-589.5;10.5
Lumières	base\environment\decoration\lighting\residential\corridor_light\corridor_light_c_maelstrom.mesh	5	default x4, bright	1.73;0.16;0.26	1;1;0.72	-1504.4;-604;10.4
Lumières	base\environment\decoration\lighting\residential\corpo_lamp_desk\corpo_lamp_desk_b.mesh	5	default x5	0.32;0.84;0.45		-1506.3;-589.1;8.6
Lumières	base\environment\decoration\lighting\residential\corridor_light\corridor_light_h.mesh	4	default x4	0.52;0.07;0.27		-1504.8;-603.8;10.7
Lumières	base\gameplay\devices\traffic\crossing_lights\crossing_light_1.ent	3	traffic_light_c_default x3			-1502.8;-613.6;10.1
Lumières	base\gameplay\devices\traffic\traffic_lights\traffic_light_2.ent	3	traffic_light_b_default x3			-1495.4;-607.2;11.8
Lumières	base\environment\decoration\lighting\residential\corpo_lamp_desk\corpo_lamp_desk_a.mesh	2	light_on, default	0.54;0.15;0.57		-1516.8;-585.5;9
Lumières	base\gameplay\devices\traffic\traffic_lights\traffic_light_1.ent	1	traffic_light_a_default			-1486.8;-607.8;14.5
Lumières	base\gameplay\devices\lighting\industrial\spotlight\spotlight_d_lamp_a_glen_overhang.ent	1	default			-1529.6;-609.2;10.3
Lumières	base\environment\decoration\lighting\residential\poor_desk_lamp\poor_desk_lamp_b.mesh	1	default	0.46;0.24;0.52		-1504.1;-598;8.6
Mobilier	base\environment\decoration\furniture\lab\morgue_sink\morgue_sink_a_tap_c.mesh	8	default x8	0.4;0.31;0.45		-1519.5;-603;8.8
Mobilier	base\environment\decoration\furniture\bathroom\poor_bathroom_furniture\poor_bathroom_furniture_b.mesh	8	default x8	0.7;0.5;1		-1519.3;-603.1;7.8
Mobilier	base\environment\decoration\furniture\bathroom\poor_bathroom_furniture\poor_bathroom_furniture_g.mesh	5	alt_jp x5	0.5;0.59;0.05		-1515;-603;8.3
Mobilier	base\environment\decoration\furniture\bathroom\poor_bathroom_furniture\poor_bathroom_furniture_f.mesh	5	alt_jp x5	0.85;0.8;1		-1514.8;-603;7.8
Mobilier	base\environment\decoration\furniture\lab\workstation\workstation_b.mesh	4	default x4	1.77;0.56;0.98		-1517.1;-589;7.8
Mobilier	base\environment\decoration\furniture\bathroom\urinals_1\urinals_1_a_entropy.mesh	3	default x3	0.45;0.58;1.17		-1521.2;-602.1;7.8
Mobilier	base\environment\decoration\furniture\lab\medical_cart\medical_cart_d.mesh	1	default	1.1;0.53;1		-1522.2;-592.7;7.8
Mobilier	base\environment\decoration\furniture\lab\medical_cart\medical_cart_c.mesh	1	default	1.03;0.34;1.31		-1515.8;-589.1;7.8
Murs	base\environment\decoration\lighting\residential\wall_lamps\wall_lamp_a.mesh	12	turqoise x12	1.35;0.04;0.07		-1519.3;-601.9;10.6
Murs	base\environment\architecture\common\backwall\backwall_b_uf_roof_ledge_100_a.mesh	10	default x10	1;0.43;0.4	1.45;1;1 | 1.51;1;1 | 0.75;1;1	-1514.5;-599.5;11.6
Murs	base\environment\decoration\containers\tanks\aquarium\aquarium_a_device_cables_wall_a.mesh	8	default x8	0.12;0.02;0.05	4.53;4.53;4.53	-1531.3;-608.4;11
Murs	base\environment\architecture\common\backwall\backwall_b_uf_roof_ledge_300_a.mesh	5	default x5	3;0.43;0.4	0.5;1;1 | 0.92;1;1	-1517.2;-599.4;11.6
Murs	base\environment\architecture\common\backwall\backwall_b_uf_roof_ledge_corner.mesh	4	default x4	0.44;0.43;0.4		-1514.5;-599.5;11.6
Murs	base\environment\decoration\furniture\shops\poor_wall_shelf_01\poor_wall_shelf_01_a.mesh	3	default x3	1;0.4;0.4		-1518.5;-580.1;9.2
Murs	base\environment\decoration\lighting\residential\wall_lamps\wall_lamp_c.mesh	3	on x2, default	0.49;0.03;0.09	3;3;3 | 3;3;2.18	-1510.1;-605.4;11.5
Murs	base\environment\architecture\common\backwall\backwall_c_wall_a_gf_c90.mesh	2	default x2	0.2;0.2;4.2		-1515.6;-601.4;7.8
Murs	base\environment\decoration\public_utility\fences\wire_fence_01\wire_fence_01_a_barbs_a.mesh	2	default x2	9.03;0.44;0.45		-1510.2;-613.3;8.9
Murs	base\environment\architecture\common\int\int_ent_office_a\int_ent_office_a_wall_stairs_b_l100_h200.mesh	2	default x2	1;0.2;2		-1503.5;-598.3;11.5
Murs	base\environment\decoration\public_utility\fences\wire_fence_01\wire_fence_01_a_barbs_c.mesh	2	default x2	3.07;0.44;0.44		-1515.7;-613.1;8.9
Murs	base\environment\architecture\common\int\int_kts_corridor_a\int_kts_corridor_pillar_spacer_a_l100.mesh	1	default	1;0.48;0.2	2.04;1.07;1.82	-1529.6;-608.3;10.4
Murs	base\environment\decoration\decals\stickers\decal_wall_stickers\decal_wall_stickers_t.mesh	1	default	0.29;0;0.31		-1527.9;-594.2;9.2
Murs	base\environment\architecture\common\int\int_ent_office_a\int_ent_office_a_wall_stairs_b_l300_h200.mesh	1	default	3;0.2;2	0.29;1;1	-1515.5;-599.7;11.8
Murs	base\environment\decoration\furniture\shops\poor_wall_shelf_01\poor_wall_shelf_01_c.mesh	1	default	3;0.4;0.4		-1505.1;-598.5;8.6
Personnages et entités	base\gameplay\loot\shard_cases\shard_case_container.ent	3	shard_case_container_neomilitary_b, shard_case_container_neomilitary_a, shard_case_container_kitsch_c			-1506.2;-597.4;8.6
Personnages et entités	base\items\quest\q000__misc\q000_miror_plane.mesh	2	default x2	1;1;0	1.16;2.45;1	-1519.4;-603;9.7
Personnages et entités	base\gameplay\devices\explosives\fire_extinguisher.ent	2	default x2			-1507.5;-598.7;9
Personnages et entités	base\quest\side_quests\sq021\entities\sq021_lab_electronics.ent	2	default x2			-1518.8;-585.4;9
Personnages et entités	base\quest\side_quests\sq021\entities\sq021_lab_bd_editing_station.ent	2	default x2			-1518.8;-593.6;10.2
Personnages et entités	base\gameplay\devices\mirrors\smart_mirror_v_penthouse.ent	2	default x2			-1519.4;-603;9.7
Personnages et entités	base\gameplay\loot\containers\first_aid_kits\first_aid_kit_small.ent	2	first_aid_kit_small_default x2			-1515.7;-600.6;9.6
Personnages et entités	base\gameplay\loot\tokens\misc\junk_token.ent	1	default			-1516.2;-584.6;9.1
Personnages et entités	base\gameplay\loot\tokens\misc\medium_junk_token.ent	1	default			-1533.7;-599.4;8.6
Personnages et entités	base\quest\side_quests\sq021\entities\sq021_lab_camera.ent	1	default			-1515.8;-580.2;9.1
Personnages et entités	base\quest\side_quests\sq021\entities\sq021_lab_shards.ent	1	default			-1518.6;-579.8;9.4
Personnages et entités	base\gameplay\loot\containers\toolboxes\medium_toolbox.ent	1	toolbox_medium_neomilitary_a			-1518.2;-592.6;7.8
Personnages et entités	base\quest\side_quests\sq021\entities\sq021_lab_bd_rec_case.ent	1	default			-1517.3;-588.8;9.4
Personnages et entités	base\quest\side_quests\sq021\entities\sq021_lab_costume_token.ent	1	default			-1523.6;-588.7;8.8
Personnages et entités	base\gameplay\loot\containers\chemicals_chests\chemicals_chest_medium.ent	1	chemicals_chest_medium_default			-1507.3;-588;7.8
Personnages et entités	base\gameplay\devices\traffic\zebras\zebra.ent	1	zebra_10m			-1499;-620.1;7.4
Personnages et entités	base\quest\side_quests\sq021\entities\sq021_lab_cy_docs.ent	1	default			-1502.6;-584.9;8.9
Plafond	base\environment\architecture\common\int\int_common_techpanel_a\int_common_techpanel_a_ceiling_vent_l200_w100_a.mesh	10	default x10	2;1;0.08	0.5;0.5;0.5	-1505.7;-591.3;11.6
Plafond	base\environment\decoration\lighting\residential\ceiling_lamp\ceiling_lamp_long_support_b.mesh	8	default x8	0.05;0.03;1.04	1.14;1.14;1.14	-1509.9;-600.4;13.5
Plafond	base\environment\architecture\common\int\int_common_a\int_common_a_ceiling_tiles_a_light_l100_w100_a.mesh	5	default x5	1.02;1.03;0.12		-1515.6;-602.7;11.7
Plafond	base\gameplay\devices\security_systems\security_turret\special\security_turret_ceiling_prevention.ent	3	None x3			-1501.9;-607;14.6
Plafond	base\environment\architecture\common\int\int_ent_office_a\int_ent_office_a_ceiling_a_l100.mesh	2	default x2	1;1;0.02	1;0.53;1	-1514.6;-596.8;12.5
Plafond	base\environment\architecture\common\int\int_common_a\int_common_a_ceiling_tiles_a_l200_w100_a.mesh	1	black	2.01;1.01;0.05		-1521;-580;10.4
Portes	base\gameplay\devices\doors\final\single_door.ent	10	doors_single_entropy_k_glass x7, doors_single_entropy_j_v2 x3			-1507.5;-597.2;7.9
Portes	base\environment\decoration\furniture\outdoor\outdoor_bench\outdoor_bench_e.mesh	3	default x3	2.06;0.55;0.57		-1510.4;-605.1;7.8
Portes	base\gameplay\devices\doors\final\single_door_decorative.ent	1	doors_single_kitsch_f			-1530.3;-608.4;7.5
Portes	base\static\base\gameplay\devices\doors\final\single_door_static.ent	1	doors_single_entropy_k_glass			-1528.7;-599;7.9
Rangements	base\environment\decoration\furniture\office\entropy_file_cabinet\entropy_file_cabinet_a_drawer_a.mesh	12	default x12	0.5;0.58;0.36		-1521.7;-585.6;7.8
Rangements	base\environment\decoration\furniture\office\entropy_file_cabinet\entropy_file_cabinet_a.mesh	3	default x3	0.54;0.6;1.61		-1521.7;-584.9;7.8
Rangements	base\surfaces\textures\decals\cracks\cracks_patch_01.mi	2	default x2		2.44;3.65;0.22	-1498.7;-600.6;7.6
Rangements	base\environment\decoration\furniture\office\entropy_file_cabinet\entropy_file_cabinet_a_hollow.mesh	2	default x2	0.54;0.63;1.61		-1518.1;-580.9;7.8
Rangements	base\environment\decoration\furniture\office\entropy_file_cabinet\entropy_file_cabinet_d_hollow.mesh	1	default	0.54;0.6;0.8		-1500.6;-586.4;7.8
Rangements	base\gameplay\loot\containers\lockers\locker_medium.ent	1	locker_medium_neomilitary			-1507.4;-582.2;7.8
Rangements	base\environment\decoration\furniture\office\entropy_file_cabinet\entropy_file_cabinet_d_drawer_a.mesh	1	default	0.47;0.55;0.18		-1516.2;-585.1;9.1
Sol	base\environment\architecture\megabuilding\structural\addons\common_megabuilding_interior_floor_upperfloor_addon_pipe_c_mount_a.mesh	76	default x76	0.32;0.7;0.07	0.61;0.61;0.61	-1509.4;-593.4;12.4
Sol	base\environment\architecture\common\int\int_ent_industrial_a\int_ent_industrial_a_floor_l600_w100_a.mesh	7	red x7	6;1;0.2	0.82;1;1 | 1;1;0.52	-1501.2;-613;7.4
Sol	base\environment\architecture\common\int\int_common_a\int_common_a_floor_l100_a.mesh	3	tiles_black_large x2, tiles_grey	1;1;0.2		-1506.7;-604.8;7.8
Sol	base\environment\architecture\common\int\int_common_a\int_common_a_floor_l200_w100_a.mesh	2	tiles_grey, cyan_carpet_wrinkles	2.01;1;0.2		-1512.4;-598.6;7.8
Sol	base\environment\architecture\common\int\int_common_a\int_common_a_floor_l300_w200_a.mesh	1	cyan_carpet_wrinkles	3;2.01;0.2	0.44;0.45;0.15	-1513.1;-582.9;11.1
Tables et comptoirs	base\environment\decoration\dining_accessories\tableware\bar_mat\bar_mat_a.mesh	186	default x186	0.66;0.16;0.01	3.65;1;1 | 0.99;1;1 | 1.01;1;1	-1510.2;-604.6;7.8
Tables et comptoirs	base\environment\decoration\dining_accessories\tableware\bar_mat\bar_mat_b.mesh	56	default x56	0.51;0.21;0.02		-1506;-600.1;7.8
Tables et comptoirs	base\environment\decoration\furniture\lab\lab_table\lab_table_b.mesh	23	military x21, stainless_steel x2	1.03;0.89;1.2	0.76;0.76;0.67	-1519.1;-602.4;7.8
Tables et comptoirs	base\environment\decoration\misc\office\desk_organizer\desk_organizer_d.mesh	14	default x14	0.09;0.26;0.3		-1502.9;-598;8.6
Tables et comptoirs	base\environment\decoration\misc\office\desk_organizer\desk_organizer_c.mesh	8	default x8	0.27;0.36;0.06		-1504.5;-597.5;8.6
Tables et comptoirs	base\environment\decoration\dining_accessories\tableware\tableware_kitsch\tableware_kitsch_a_mug_a.mesh	4	default x4	0.09;0.09;0.12		-1503.8;-598.7;8.7
Tables et comptoirs	base\environment\decoration\furniture\office\entropy_office_desk\entropy_office_desk_a_drawer_a.mesh	4	default x4	0.54;0.46;0.16		-1504.3;-597.4;8.4
Tables et comptoirs	base\environment\decoration\misc\office\desk_organizer\desk_organizer_f.mesh	2	default x2	0.31;0.16;0.15		-1503.8;-598;8.6
Tables et comptoirs	base\environment\decoration\small_shops\kiosks\kiosk_medium\addon_a_plate_a.mesh	2	default x2	2.91;0.52;0.11		-1518.1;-594.7;9.3
Tables et comptoirs	base\quest\side_quests\sq021\entities\sq021_tablet_lab.ent	1	default			-1505.2;-591.9;8.6
Tables et comptoirs	base\environment\decoration\misc\office\desk_organizer\desk_organizer_b.mesh	1	default	0.28;0.38;0.23		-1504.5;-597.9;8.6
Tables et comptoirs	base\environment\decoration\furniture\office\entropy_office_desk\entropy_office_desk_a_drawer_b.mesh	1	default	0.54;0.46;0.32		-1503;-597.5;7.9
Tables et comptoirs	base\environment\decoration\furniture\living_room\entropy_table\entropy_table_a.mesh	1	default	2.01;0.82;0.41		-1510.9;-602.8;7.8
Végétation	base\environment\decoration\containers\planter\planter_large_02\planter_large_02_g.mesh	18	marble x18	0.5;0.5;1.1	1;0.49;1 | 0.49;1;1 | 1;0.63;1	-1506.8;-595.3;7.8
Végétation	base\environment\decoration\containers\planter\planter_large_02\planter_large_02_a.mesh	14	marble x14	1;0.22;1.1	1;0.49;1 | 1.03;0.55;1 | 1;0.56;1	-1506;-595.3;7.8
Végétation	base\environment\decoration\containers\planter\planter_large_02\planter_large_02_d.mesh	8	default x8	0.5;0.22;1.1		-1509;-604.9;7.8
Végétation	base\environment\decoration\containers\planter\planter_large_02\planter_large_02_e.mesh	8	default x8	0.5;0.23;1.1		-1509;-604.9;7.8
Végétation	base\environment\vegetation\jungle\fern_grass\fern_grass_b.mesh	6	default x6	0.71;0.77;0.32	0.56;0.56;1 | 0.49;0.49;1 | 0.53;0.53;1.08	-1515.2;-594.9;8.9
Végétation	base\environment\vegetation\jungle\fern_grass\fern_grass_a.mesh	6	default x6	0.67;0.53;0.24	1;0.63;1 | 0.59;0.59;1.05 | 0.51;0.51;1.05	-1514.7;-595;8.9
Végétation	base\environment\vegetation\jungle\morus\morus_a.mesh	5	default x5	0.95;0.78;0.15	1;0.49;1 | 1;0.56;1	-1514.9;-594.9;8.9
Végétation	base\environment\decoration\containers\planter\planter_large_02\planter_large_02_a_ground_b.mesh	4	default x4	1;0.35;0	0.93;1;1	-1508.7;-604.9;8.9
Végétation	base\environment\decoration\food\street_food\mixed_street_food\mixed_street_food_k_pizza_slice.mesh	3	default x3	0.17;0.25;0.04		-1505.6;-609.7;7.6
Végétation	base\environment\vegetation\grass\malva\malva_line_big.mesh	3	default x3	0.95;1.62;0.14	0.49;1;1 | 0.56;0.56;1 | 0.49;0.49;1	-1515.3;-594.9;8.9
Végétation	base\environment\street\common\street_a_crossroad_bar_a_w1000.mesh	2	default x2	0.5;9.99;0.04		-1501.9;-615;7.4
Végétation	base\environment\vegetation\jungle\philodendron\philodendron_big.mesh	2	default x2	2.57;1.94;3.96	0.48;0.48;0.48 | 0.45;0.5;0.5	-1503.1;-600.6;8.9
Végétation	base\environment\decoration\containers\planter\planter_large\planter_large_01_ground_a.mesh	2	default x2	3.51;1.52;0.15	0.84;0.3;0.66 | 0.84;0.62;0.66	-1505.5;-595.1;8.8
Végétation	base\environment\decoration\public_utility\signages\street_sign\destruction\street_sign_d_dst.ent	2	default x2			-1502.7;-613.6;7.7
Végétation	base\environment\street\common\street_a_crossroad_bar_b_w500_b.mesh	2	default x2	5;0.15;0.05	1.2;1;1	-1501.9;-615;7.4
Végétation	base\environment\vegetation\jungle\philodendron\philodendron_low.mesh	1	default	1.56;1.59;0.95		-1508.7;-604.9;8.8
Végétation	base\environment\decoration\containers\vases\poor_flower_pot\poor_flower_pot_c.mesh	1	default	0.47;0.47;0.43	0.4;0.4;0.4	-1518.2;-580;9.4
Végétation	base\gameplay\devices\street_signs\street_signs\street_sign_a_3_3x1.ent	1	default			-1495.2;-603.8;7.6
Végétation	base\environment\vegetation\grass\malva\malva_cluster.mesh	1	default	1.58;1.61;0.14	0.5;0.49;0.5	-1521.4;-594.7;8.9
Végétation	base\environment\vegetation\grass\malva\malva_single_med.mesh	1	default	0.7;0.79;0.13	0.56;0.56;0.56	-1505.7;-595;8.8
Végétation	base\environment\decoration\containers\planter\planter_large_02\planter_large_02_n.mesh	1	default	0.5;0.5;0	1.78;1.12;1.78	-1521.4;-594.8;7.2
Lumière (élément)	area	rgb=0.85;0.93;1	1	intensité≈800 rayon≈4
Lumière (élément)	spot	rgb=0.53;0.73;0.98	1	intensité≈500 rayon≈12
Lumière (élément)	area	rgb=0.86;0.98;0.91	9	intensité≈358 rayon≈6.9
Lumière (élément)	spot	rgb=0.6;0.96;0.46	1	intensité≈500 rayon≈6.4
Lumière (élément)	area	rgb=0.96;0.97;0.79	5	intensité≈580 rayon≈4.2
Lumière (élément)	spot	rgb=0.63;0.93;0.99	2	intensité≈100 rayon≈4
Lumière (élément)	spot	rgb=0.86;0.98;0.91	12	intensité≈490 rayon≈7.9
Lumière (élément)	spot	rgb=0.79;0.97;1	8	intensité≈478 rayon≈4.8
Lumière (élément)	area	rgb=0;0;0	1	intensité≈5 rayon≈11.2
Lumière (élément)	spot	rgb=0.6;0.92;1	2	intensité≈700 rayon≈10
Lumière (élément)	area	rgb=0.6;0.92;1	3	intensité≈1433 rayon≈5.6
Lumière (élément)	area	rgb=0.79;0.97;1	13	intensité≈424 rayon≈4.4
Lumière (élément)	point	rgb=0;0.98;0.39	1	intensité≈20 rayon≈1
Lumière (élément)	spot	rgb=0.84;0.94;0.97	7	intensité≈77 rayon≈6.3
Lumière (élément)	area	rgb=0.89;0.97;1	1	intensité≈400 rayon≈7
Lumière (élément)	area	rgb=0.77;0.9;1	2	intensité≈200 rayon≈3
Lumière (élément)	spot	rgb=0.76;0.98;0.93	1	intensité≈300 rayon≈5
Lumière (élément)	area	rgb=0.84;0.94;0.97	10	intensité≈69 rayon≈4.5
