secteur	noeud	x	y	z	modele
base\worlds\03_night_city\_compiled\default\ep1\exterior_-22_-34_1_0.streamingsector	0	-1375.361	-2123.476	70.028	ep1\gameplay\devices\fast_travel\ep1_data_term_1.ent
base\worlds\03_night_city\_compiled\default\ep1\exterior_-25_-40_1_0.streamingsector	0	-1541.344	-2516.252	83.2	ep1\gameplay\devices\fast_travel\ep1_data_term_1.ent
base\worlds\03_night_city\_compiled\default\ep1\exterior_-30_-39_0_0.streamingsector	0	-1876.905	-2459.822	35.69	ep1\gameplay\devices\fast_travel\ep1_data_term_1.ent
base\worlds\03_night_city\_compiled\default\ep1\exterior_-34_-47_1_0.streamingsector	0	-2134.819	-2948.316	108.309	ep1\gameplay\devices\fast_travel\ep1_data_term_1.ent
base\worlds\03_night_city\_compiled\default\ep1\exterior_-35_-40_0_0.streamingsector	0	-2221.064	-2558.824	16.61	ep1\gameplay\devices\fast_travel\ep1_data_term_1.ent
base\worlds\03_night_city\_compiled\default\ep1\exterior_-38_-43_0_0.streamingsector	0	-2405.449	-2693.035	22.83	ep1\gameplay\devices\fast_travel\ep1_data_term_1.ent
base\worlds\03_night_city\_compiled\default\exterior_-10_-2_0_0.streamingsector	0	-597.728	-121.393	7.693	base\gameplay\devices\fast_travel\data_term_1.ent
base\worlds\03_night_city\_compiled\default\exterior_-10_2_0_0.streamingsector	0	-578.054	189.276	22.27	base\gameplay\devices\fast_travel\fast_travel_gate_1.ent
base\worlds\03_night_city\_compiled\default\exterior_-10_40_0_0.streamingsector	0	-600.066	2582.429	53.8	base\gameplay\devices\fast_travel\data_term_1.ent
base\worlds\03_night_city\_compiled\default\exterior_-11_-20_0_0.streamingsector	0	-682.424	-1252.619	8.972	base\gameplay\devices\fast_travel\data_term_1.ent
base\worlds\03_night_city\_compiled\default\exterior_-11_-60_1_0.streamingsector	0	-661.639	-3836.096	71.975	base\gameplay\devices\fast_travel\data_term_1.ent
base\worlds\03_night_city\_compiled\default\exterior_-11_-7_0_0.streamingsector	0	-657.183	-434.886	8.206	base\gameplay\devices\fast_travel\data_term_1.ent
base\worlds\03_night_city\_compiled\default\exterior_-11_11_0_0.streamingsector	0	-703.667	762.977	32.714	base\gameplay\devices\fast_travel\data_term_1.ent
base\worlds\03_night_city\_compiled\default\exterior_-11_13_0_0.streamingsector	0	-644.578	886.107	19.91	base\gameplay\devices\fast_travel\data_term_1.ent
base\worlds\03_night_city\_compiled\default\exterior_-11_14_0_0.streamingsector	0	-701.379	953.517	12.015	base\gameplay\devices\fast_travel\data_term_1.ent
base\worlds\03_night_city\_compiled\default\exterior_-11_6_0_0.streamingsector	0	-694.742	403.97	19.433	base\gameplay\devices\fast_travel\data_term_1.ent
base\worlds\03_night_city\_compiled\default\exterior_-12_-16_0_0.streamingsector	0	-736.023	-979.37	7.899	base\gameplay\devices\fast_travel\data_term_1.ent
base\worlds\03_night_city\_compiled\default\exterior_-12_-39_0_0.streamingsector	0	-764.263	-2437.796	14.154	base\gameplay\devices\fast_travel\data_term_1.ent
base\worlds\03_night_city\_compiled\default\exterior_-12_19_0_0.streamingsector	0	-714.215	1277.568	29.57	base\gameplay\devices\fast_travel\data_term_1.ent
base\worlds\03_night_city\_compiled\default\exterior_-12_34_0_0.streamingsector	0	-715.161	2181.195	53.09	base\gameplay\devices\fast_travel\data_term_1.ent
base\worlds\03_night_city\_compiled\default\exterior_-13_15_0_0.streamingsector	0	-783.528	991.381	12.02	base\gameplay\devices\fast_travel\data_term_1.ent
base\worlds\03_night_city\_compiled\default\exterior_-14_-2_0_0.streamingsector	0	-890.722	-82.928	7.24	base\gameplay\devices\fast_travel\data_term_1.ent
base\worlds\03_night_city\_compiled\default\exterior_-14_20_0_0.streamingsector	0	-835.122	1334.069	22.44	base\gameplay\devices\fast_travel\data_term_1.ent
base\worlds\03_night_city\_compiled\default\exterior_-14_28_0_0.streamingsector	0	-846.894	1835.572	36.189	base\gameplay\devices\fast_travel\data_term_1.ent
base\worlds\03_night_city\_compiled\default\exterior_-15_1_0_0.streamingsector	0	-922.896	105.133	7.323	base\gameplay\devices\fast_travel\data_term_1.ent
base\worlds\03_night_city\_compiled\default\exterior_-16_-10_0_0.streamingsector	0	-982.845	-597.318	8.204	base\gameplay\devices\fast_travel\data_term_1.ent
base\worlds\03_night_city\_compiled\default\exterior_-16_-22_0_0.streamingsector	0	-974.446	-1361.863	21.273	base\gameplay\devices\fast_travel\fast_travel_gate_1.ent
base\worlds\03_night_city\_compiled\default\exterior_-16_-22_0_0.streamingsector	0	-973.117	-1369.399	21.273	base\gameplay\devices\fast_travel\fast_travel_gate_1.ent
base\worlds\03_night_city\_compiled\default\exterior_-16_-28_0_0.streamingsector	0	-965.956	-1773.099	11.15	base\gameplay\devices\fast_travel\data_term_1.ent
base\worlds\03_night_city\_compiled\default\exterior_-16_-6_0_0.streamingsector	0	-1023.103	-347.055	5.73	base\gameplay\devices\fast_travel\fast_travel_gate_1.ent
base\worlds\03_night_city\_compiled\default\exterior_-16_-6_0_0.streamingsector	0	-1024.903	-349.591	5.73	base\gameplay\devices\fast_travel\fast_travel_gate_1.ent
base\worlds\03_night_city\_compiled\default\exterior_-17_-15_0_0.streamingsector	0	-1049.255	-915.027	8.188	base\gameplay\devices\fast_travel\data_term_1.ent
base\worlds\03_night_city\_compiled\default\exterior_-17_-20_0_0.streamingsector	0	-1066.767	-1229.44	11.23	base\gameplay\devices\fast_travel\data_term_1.ent
base\worlds\03_night_city\_compiled\default\exterior_-17_-23_0_0.streamingsector	0	-1049.467	-1439.021	30.853	base\gameplay\devices\fast_travel\fast_travel_gate_1.ent
base\worlds\03_night_city\_compiled\default\exterior_-17_-23_0_0.streamingsector	0	-1068.031	-1426.022	30.853	base\gameplay\devices\fast_travel\fast_travel_gate_1.ent
base\worlds\03_night_city\_compiled\default\exterior_-17_-23_0_0.streamingsector	0	-1065.51	-1427.787	30.853	base\gameplay\devices\fast_travel\fast_travel_gate_1.ent
base\worlds\03_night_city\_compiled\default\exterior_-17_-23_0_0.streamingsector	0	-1052.01	-1437.24	30.853	base\gameplay\devices\fast_travel\fast_travel_gate_1.ent
base\worlds\03_night_city\_compiled\default\exterior_-17_-6_0_0.streamingsector	0	-1036.218	-365.534	5.73	base\gameplay\devices\fast_travel\fast_travel_gate_1.ent
base\worlds\03_night_city\_compiled\default\exterior_-17_-6_0_0.streamingsector	0	-1034.441	-363.031	5.73	base\gameplay\devices\fast_travel\fast_travel_gate_1.ent
base\worlds\03_night_city\_compiled\default\exterior_-17_20_0_0.streamingsector	0	-1088.162	1312.541	5.36	base\gameplay\devices\fast_travel\data_term_1.ent
base\worlds\03_night_city\_compiled\default\exterior_-17_22_0_0.streamingsector	0	-1064.305	1436.183	4.95	base\gameplay\devices\fast_travel\data_term_1.ent
base\worlds\03_night_city\_compiled\default\exterior_-17_24_0_0.streamingsector	0	-1054.572	1572.059	2.54	base\gameplay\devices\fast_travel\data_term_1.ent
base\worlds\03_night_city\_compiled\default\exterior_-17_34_0_0.streamingsector	0	-1072.731	2176.78	13.21	base\gameplay\devices\fast_travel\data_term_1.ent
base\worlds\03_night_city\_compiled\default\exterior_-18_-88_1_0.streamingsector	0	-1120.987	-5584.997	92.306	base\gameplay\devices\fast_travel\data_term_1.ent
base\worlds\03_night_city\_compiled\default\exterior_-18_23_0_0.streamingsector	0	-1130.643	1486.758	30.257	base\gameplay\devices\fast_travel\data_term_1.ent
base\worlds\03_night_city\_compiled\default\exterior_-18_2_0_0.streamingsector	0	-1147.68	136.107	7.349	base\gameplay\devices\fast_travel\data_term_1.ent
base\worlds\03_night_city\_compiled\default\exterior_-19_-15_0_0.streamingsector	0	-1176.903	-916.702	12.873	base\gameplay\devices\fast_travel\data_term_1.ent
base\worlds\03_night_city\_compiled\default\exterior_-19_18_0_0.streamingsector	0	-1155.414	1160.886	17.334	base\gameplay\devices\fast_travel\data_term_1.ent
base\worlds\03_night_city\_compiled\default\exterior_-19_21_0_0.streamingsector	0	-1183.839	1365.67	20.307	base\gameplay\devices\fast_travel\data_term_1.ent
base\worlds\03_night_city\_compiled\default\exterior_-19_25_0_0.streamingsector	0	-1202.694	1617.701	22.919	base\gameplay\devices\fast_travel\data_term_1.ent
base\worlds\03_night_city\_compiled\default\exterior_-19_29_0_0.streamingsector	0	-1213.035	1881.311	22.5	base\gameplay\devices\fast_travel\data_term_1.ent
base\worlds\03_night_city\_compiled\default\exterior_-19_31_0_0.streamingsector	0	-1159.438	2014.974	12.065	base\gameplay\devices\fast_travel\data_term_1.ent
base\worlds\03_night_city\_compiled\default\exterior_-1_-1_0_0.streamingsector	0	-56.646	-48.609	7.178	base\gameplay\devices\fast_travel\data_term_1.ent
base\worlds\03_night_city\_compiled\default\exterior_-20_-19_0_0.streamingsector	0	-1219.221	-1209.089	32.812	base\gameplay\devices\fast_travel\data_term_1.ent
base\worlds\03_night_city\_compiled\default\exterior_-20_-7_0_0.streamingsector	0	-1222.505	-447.154	8.148	base\gameplay\devices\fast_travel\data_term_1.ent
base\worlds\03_night_city\_compiled\default\exterior_-20_45_0_0.streamingsector	0	-1255.56	2913.335	7.193	base\gameplay\devices\fast_travel\data_term_1.ent
base\worlds\03_night_city\_compiled\default\exterior_-21_-16_0_0.streamingsector	0	-1328.772	-1003.597	12.35	base\gameplay\devices\fast_travel\data_term_1.ent
base\worlds\03_night_city\_compiled\default\exterior_-21_-1_-1_0.streamingsector	0	-1328.768	-39.665	-3.85	base\gameplay\devices\fast_travel\fast_travel_gate_1.ent
base\worlds\03_night_city\_compiled\default\exterior_-21_-1_-1_0.streamingsector	0	-1326.061	-39.237	-3.85	base\gameplay\devices\fast_travel\fast_travel_gate_1.ent
base\worlds\03_night_city\_compiled\default\exterior_-21_-1_-1_0.streamingsector	0	-1340.432	-41.513	-3.85	base\gameplay\devices\fast_travel\fast_travel_gate_1.ent
base\worlds\03_night_city\_compiled\default\exterior_-21_-1_-1_0.streamingsector	0	-1337.588	-41.062	-3.85	base\gameplay\devices\fast_travel\fast_travel_gate_1.ent
base\worlds\03_night_city\_compiled\default\exterior_-21_-27_0_0.streamingsector	0	-1306.131	-1669.885	44.047	base\gameplay\devices\fast_travel\data_term_1.ent
base\worlds\03_night_city\_compiled\default\exterior_-21_-2_-1_0.streamingsector	0	-1319.591	-79.244	-3.85	base\gameplay\devices\fast_travel\fast_travel_gate_1.ent
base\worlds\03_night_city\_compiled\default\exterior_-21_-2_-1_0.streamingsector	0	-1331.068	-81.062	-3.85	base\gameplay\devices\fast_travel\fast_travel_gate_1.ent
base\worlds\03_night_city\_compiled\default\exterior_-21_-2_-1_0.streamingsector	0	-1333.992	-81.525	-3.85	base\gameplay\devices\fast_travel\fast_travel_gate_1.ent
base\worlds\03_night_city\_compiled\default\exterior_-21_-2_-1_0.streamingsector	0	-1342.654	-82.897	-3.85	base\gameplay\devices\fast_travel\fast_travel_gate_1.ent
base\worlds\03_night_city\_compiled\default\exterior_-21_-2_-1_0.streamingsector	0	-1322.456	-79.698	-3.85	base\gameplay\devices\fast_travel\fast_travel_gate_1.ent
base\worlds\03_night_city\_compiled\default\exterior_-22_-11_0_0.streamingsector	0	-1365.044	-647.315	5.843	base\gameplay\devices\fast_travel\fast_travel_gate_1.ent
base\worlds\03_night_city\_compiled\default\exterior_-22_-11_0_0.streamingsector	0	-1365.404	-657.711	5.843	base\gameplay\devices\fast_travel\fast_travel_gate_1.ent
base\worlds\03_night_city\_compiled\default\exterior_-22_-1_-1_0.streamingsector	0	-1349.203	-42.902	-3.85	base\gameplay\devices\fast_travel\fast_travel_gate_1.ent
base\worlds\03_night_city\_compiled\default\exterior_-22_-1_-1_0.streamingsector	0	-1352.186	-43.375	-3.85	base\gameplay\devices\fast_travel\fast_travel_gate_1.ent
base\worlds\03_night_city\_compiled\default\exterior_-22_-2_-1_0.streamingsector	0	-1345.637	-83.369	-3.85	base\gameplay\devices\fast_travel\fast_travel_gate_1.ent
base\worlds\03_night_city\_compiled\default\exterior_-22_-58_0_0.streamingsector	0	-1355.68	-3701.427	55.504	base\gameplay\devices\fast_travel\data_term_1.ent
base\worlds\03_night_city\_compiled\default\exterior_-22_15_0_0.streamingsector	0	-1387.662	1020.991	27.131	base\gameplay\devices\fast_travel\fast_travel_gate_1.ent
base\worlds\03_night_city\_compiled\default\exterior_-22_16_0_0.streamingsector	0	-1386.738	1031.112	27.14	base\gameplay\devices\fast_travel\fast_travel_gate_1.ent
base\worlds\03_night_city\_compiled\default\exterior_-22_19_1_0.streamingsector	0	-1396.312	1277.963	123.077	base\gameplay\devices\fast_travel\data_term_1.ent
base\worlds\03_night_city\_compiled\default\exterior_-22_27_0_0.streamingsector	0	-1397.093	1757.909	16.27	base\gameplay\devices\fast_travel\fast_travel_gate_1.ent
base\worlds\03_night_city\_compiled\default\exterior_-22_27_0_0.streamingsector	0	-1400.171	1758.178	16.27	base\gameplay\devices\fast_travel\fast_travel_gate_1.ent
base\worlds\03_night_city\_compiled\default\exterior_-22_30_0_0.streamingsector	0	-1382.784	1970.819	23.31	base\gameplay\devices\fast_travel\data_term_1.ent
base\worlds\03_night_city\_compiled\default\exterior_-23_0_0_0.streamingsector	0	-1447.671	43.014	16.13	base\gameplay\devices\fast_travel\data_term_1.ent
base\worlds\03_night_city\_compiled\default\exterior_-23_16_0_0.streamingsector	0	-1470.204	1063.664	22.688	base\gameplay\devices\fast_travel\data_term_1.ent
base\worlds\03_night_city\_compiled\default\exterior_-23_18_0_0.streamingsector	0	-1458.048	1180.427	39.945	base\gameplay\devices\fast_travel\fast_travel_gate_1.ent
base\worlds\03_night_city\_compiled\default\exterior_-23_27_0_0.streamingsector	0	-1419.736	1759.891	16.27	base\gameplay\devices\fast_travel\fast_travel_gate_1.ent
base\worlds\03_night_city\_compiled\default\exterior_-23_27_0_0.streamingsector	0	-1416.598	1759.616	16.27	base\gameplay\devices\fast_travel\fast_travel_gate_1.ent
base\worlds\03_night_city\_compiled\default\exterior_-23_34_0_0.streamingsector	0	-1419.765	2226.404	18.197	base\gameplay\devices\fast_travel\data_term_1.ent
base\worlds\03_night_city\_compiled\default\exterior_-23_7_0_0.streamingsector	0	-1453.815	461.703	5.82	base\gameplay\devices\fast_travel\fast_travel_gate_1.ent
base\worlds\03_night_city\_compiled\default\exterior_-23_7_0_0.streamingsector	0	-1456.934	461.762	5.82	base\gameplay\devices\fast_travel\fast_travel_gate_1.ent
base\worlds\03_night_city\_compiled\default\exterior_-24_-16_0_0.streamingsector	0	-1522.87	-992.123	9.101	base\gameplay\devices\fast_travel\data_term_1.ent
base\worlds\03_night_city\_compiled\default\exterior_-24_-80_1_0.streamingsector	0	-1514.949	-5080.08	83.009	base\gameplay\devices\fast_travel\data_term_1.ent
base\worlds\03_night_city\_compiled\default\exterior_-24_10_0_0.streamingsector	0	-1520.701	693.786	8.974	base\gameplay\devices\fast_travel\data_term_1.ent
base\worlds\03_night_city\_compiled\default\exterior_-24_24_0_0.streamingsector	0	-1521.228	1551.967	18.2	base\gameplay\devices\fast_travel\data_term_1.ent
base\worlds\03_night_city\_compiled\default\exterior_-24_34_0_0.streamingsector	0	-1475.522	2189.082	18.161	base\gameplay\devices\fast_travel\data_term_1.ent
base\worlds\03_night_city\_compiled\default\exterior_-24_46_0_0.streamingsector	0	-1480.515	2957.454	7.19	base\gameplay\devices\fast_travel\data_term_1.ent
base\worlds\03_night_city\_compiled\default\exterior_-24_7_0_0.streamingsector	0	-1473.421	462.071	5.82	base\gameplay\devices\fast_travel\fast_travel_gate_1.ent
base\worlds\03_night_city\_compiled\default\exterior_-24_7_0_0.streamingsector	0	-1476.511	462.13	5.82	base\gameplay\devices\fast_travel\fast_travel_gate_1.ent
base\worlds\03_night_city\_compiled\default\exterior_-25_-11_0_0.streamingsector	0	-1570.47	-645.379	5.64	base\gameplay\devices\fast_travel\fast_travel_gate_1.ent
base\worlds\03_night_city\_compiled\default\exterior_-25_-11_0_0.streamingsector	0	-1573.558	-645.268	5.64	base\gameplay\devices\fast_travel\fast_travel_gate_1.ent
base\worlds\03_night_city\_compiled\default\exterior_-25_-11_0_0.streamingsector	0	-1550.863	-646.077	5.64	base\gameplay\devices\fast_travel\fast_travel_gate_1.ent
base\worlds\03_night_city\_compiled\default\exterior_-25_-11_0_0.streamingsector	0	-1553.95	-645.967	5.64	base\gameplay\devices\fast_travel\fast_travel_gate_1.ent
base\worlds\03_night_city\_compiled\default\exterior_-25_-21_0_0.streamingsector	0	-1590.073	-1304.678	47.98	base\gameplay\devices\fast_travel\fast_travel_gate_1.ent
base\worlds\03_night_city\_compiled\default\exterior_-25_-21_0_0.streamingsector	0	-1600.465	-1304.27	47.98	base\gameplay\devices\fast_travel\fast_travel_gate_1.ent
base\worlds\03_night_city\_compiled\default\exterior_-25_-31_0_0.streamingsector	0	-1540.249	-1939.936	62.85	base\gameplay\devices\fast_travel\fast_travel_gate_1.ent
base\worlds\03_night_city\_compiled\default\exterior_-25_-31_0_0.streamingsector	0	-1544.31	-1949.511	62.85	base\gameplay\devices\fast_travel\fast_travel_gate_1.ent
base\worlds\03_night_city\_compiled\default\exterior_-25_19_0_0.streamingsector	0	-1555.255	1246.65	19.075	base\gameplay\devices\fast_travel\data_term_1.ent
base\worlds\03_night_city\_compiled\default\exterior_-25_37_0_0.streamingsector	0	-1594.13	2385.24	18.2	base\gameplay\devices\fast_travel\data_term_1.ent
base\worlds\03_night_city\_compiled\default\exterior_-25_5_0_0.streamingsector	0	-1598.536	347.492	8.22	base\gameplay\devices\fast_travel\data_term_1.ent
base\worlds\03_night_city\_compiled\default\exterior_-26_-19_0_0.streamingsector	0	-1610.903	-1179.621	24.891	base\gameplay\devices\fast_travel\data_term_1.ent
base\worlds\03_night_city\_compiled\default\exterior_-26_-6_-1_0.streamingsector	0	-1624.68	-332.665	-13.773	base\gameplay\devices\fast_travel\data_term_1.ent
base\worlds\03_night_city\_compiled\default\exterior_-26_15_0_0.streamingsector	0	-1658.757	998.701	23.91	base\gameplay\devices\fast_travel\data_term_1.ent
base\worlds\03_night_city\_compiled\default\exterior_-26_23_0_0.streamingsector	0	-1608.246	1476.658	18.21	base\gameplay\devices\fast_travel\fast_travel_gate_1.ent
base\worlds\03_night_city\_compiled\default\exterior_-26_23_0_0.streamingsector	0	-1605.158	1476.388	18.21	base\gameplay\devices\fast_travel\fast_travel_gate_1.ent
base\worlds\03_night_city\_compiled\default\exterior_-26_27_0_0.streamingsector	0	-1608.028	1773.699	18.38	base\gameplay\devices\fast_travel\data_term_1.ent
base\worlds\03_night_city\_compiled\default\exterior_-27_-14_0_0.streamingsector	0	-1719.888	-885.142	8.59	base\gameplay\devices\fast_travel\data_term_1.ent
base\worlds\03_night_city\_compiled\default\exterior_-28_-31_0_0.streamingsector	0	-1771.769	-1946.687	57.2	base\gameplay\devices\fast_travel\data_term_1.ent
base\worlds\03_night_city\_compiled\default\exterior_-28_-8_0_0.streamingsector	0	-1774.87	-510.81	10.14	base\gameplay\devices\fast_travel\data_term_1.ent
base\worlds\03_night_city\_compiled\default\exterior_-28_29_0_0.streamingsector	0	-1769.531	1866.818	18.26	base\gameplay\devices\fast_travel\fast_travel_gate_1.ent
base\worlds\03_night_city\_compiled\default\exterior_-28_29_0_0.streamingsector	0	-1772.206	1865.272	18.26	base\gameplay\devices\fast_travel\fast_travel_gate_1.ent
base\worlds\03_night_city\_compiled\default\exterior_-28_2_0_0.streamingsector	0	-1754.533	185.383	16.681	base\gameplay\devices\fast_travel\data_term_1.ent
base\worlds\03_night_city\_compiled\default\exterior_-28_36_0_0.streamingsector	0	-1731.853	2309.059	18.149	base\gameplay\devices\fast_travel\data_term_1.ent
base\worlds\03_night_city\_compiled\default\exterior_-29_-68_1_0.streamingsector	0	-1794.664	-4324.87	74.413	base\gameplay\devices\fast_travel\data_term_1.ent
base\worlds\03_night_city\_compiled\default\exterior_-29_58_0_0.streamingsector	0	-1834.898	3718.379	7.017	base\gameplay\devices\fast_travel\data_term_1.ent
base\worlds\03_night_city\_compiled\default\exterior_-2_-69_0_0.streamingsector	0	-84.704	-4357.501	58.874	base\gameplay\devices\fast_travel\data_term_1.ent
base\worlds\03_night_city\_compiled\default\exterior_-2_1_0_0.streamingsector	0	-95.651	82.889	40.269	base\gameplay\devices\fast_travel\fast_travel_gate_1.ent
base\worlds\03_night_city\_compiled\default\exterior_-2_1_0_0.streamingsector	0	-98.684	85.059	40.269	base\gameplay\devices\fast_travel\fast_travel_gate_1.ent
base\worlds\03_night_city\_compiled\default\exterior_-2_1_0_0.streamingsector	0	-114.395	117.456	12.395	base\gameplay\devices\fast_travel\fast_travel_gate_1.ent
base\worlds\03_night_city\_compiled\default\exterior_-2_1_0_0.streamingsector	0	-117.056	119.322	12.395	base\gameplay\devices\fast_travel\fast_travel_gate_1.ent
base\worlds\03_night_city\_compiled\default\exterior_-2_31_1_0.streamingsector	0	-72.893	1987.442	100.9	base\gameplay\devices\fast_travel\data_term_1.ent
base\worlds\03_night_city\_compiled\default\exterior_-30_-19_0_0.streamingsector	0	-1860.219	-1205.402	20.235	base\gameplay\devices\fast_travel\data_term_1.ent
base\worlds\03_night_city\_compiled\default\exterior_-30_-26_0_0.streamingsector	0	-1878.325	-1627.219	18.033	base\gameplay\devices\fast_travel\data_term_1.ent
base\worlds\03_night_city\_compiled\default\exterior_-30_-31_0_0.streamingsector	0	-1861.233	-1935.816	48.514	base\gameplay\devices\fast_travel\data_term_1.ent
base\worlds\03_night_city\_compiled\default\exterior_-30_-9_0_0.streamingsector	0	-1889.368	-574.459	7.875	base\gameplay\devices\fast_travel\data_term_1.ent
base\worlds\03_night_city\_compiled\default\exterior_-30_10_0_0.streamingsector	0	-1860.686	674.926	10.717	base\gameplay\devices\fast_travel\data_term_1.ent
base\worlds\03_night_city\_compiled\default\exterior_-30_42_0_0.streamingsector	0	-1868.444	2701.062	7.157	base\gameplay\devices\fast_travel\data_term_1.ent
base\worlds\03_night_city\_compiled\default\exterior_-31_18_0_0.streamingsector	0	-1974.463	1179.303	12.14	base\gameplay\devices\fast_travel\data_term_1.ent
base\worlds\03_night_city\_compiled\default\exterior_-32_25_0_0.streamingsector	0	-2022.306	1640.833	9.108	base\gameplay\devices\fast_travel\data_term_1.ent
base\worlds\03_night_city\_compiled\default\exterior_-33_7_0_0.streamingsector	0	-2066.24	471.26	8.05	base\gameplay\devices\fast_travel\fast_travel_gate_1.ent
base\worlds\03_night_city\_compiled\default\exterior_-33_7_0_0.streamingsector	0	-2066.24	481.65	8.05	base\gameplay\devices\fast_travel\fast_travel_gate_1.ent
base\worlds\03_night_city\_compiled\default\exterior_-34_-11_0_0.streamingsector	0	-2120.23	-694.23	6.87	base\gameplay\devices\fast_travel\fast_travel_gate_1.ent
base\worlds\03_night_city\_compiled\default\exterior_-34_-11_0_0.streamingsector	0	-2120.23	-677.74	6.87	base\gameplay\devices\fast_travel\fast_travel_gate_1.ent
base\worlds\03_night_city\_compiled\default\exterior_-34_-11_0_0.streamingsector	0	-2120.23	-697.34	6.87	base\gameplay\devices\fast_travel\fast_travel_gate_1.ent
base\worlds\03_night_city\_compiled\default\exterior_-34_-11_0_0.streamingsector	0	-2120.23	-674.61	6.87	base\gameplay\devices\fast_travel\fast_travel_gate_1.ent
base\worlds\03_night_city\_compiled\default\exterior_-34_-18_0_0.streamingsector	0	-2120.942	-1121.057	32.795	base\gameplay\devices\fast_travel\data_term_1.ent
base\worlds\03_night_city\_compiled\default\exterior_-34_31_0_0.streamingsector	0	-2158.172	1992.251	18.188	base\gameplay\devices\fast_travel\data_term_1.ent
base\worlds\03_night_city\_compiled\default\exterior_-34_4_0_0.streamingsector	0	-2115.133	261.096	7.902	base\gameplay\devices\fast_travel\data_term_1.ent
base\worlds\03_night_city\_compiled\default\exterior_-35_-35_0_0.streamingsector	0	-2188.226	-2206.687	11.873	base\gameplay\devices\fast_travel\data_term_1.ent
base\worlds\03_night_city\_compiled\default\exterior_-35_-6_0_0.streamingsector	0	-2232.638	-363.547	17.331	base\gameplay\devices\fast_travel\data_term_1.ent
base\worlds\03_night_city\_compiled\default\exterior_-36_-18_0_0.streamingsector	0	-2301.457	-1108.516	13.998	base\gameplay\devices\fast_travel\data_term_1.ent
base\worlds\03_night_city\_compiled\default\exterior_-36_43_0_0.streamingsector	0	-2249.875	2791.249	7.005	base\gameplay\devices\fast_travel\data_term_1.ent
base\worlds\03_night_city\_compiled\default\exterior_-37_-13_0_0.streamingsector	0	-2357.734	-809.31	12.92	base\gameplay\devices\fast_travel\data_term_1.ent
base\worlds\03_night_city\_compiled\default\exterior_-37_6_0_0.streamingsector	0	-2355.15	431.907	7.872	base\gameplay\devices\fast_travel\data_term_1.ent
base\worlds\03_night_city\_compiled\default\exterior_-38_-16_0_0.streamingsector	0	-2410.06	-962	8.14	base\gameplay\devices\fast_travel\data_term_1.ent
base\worlds\03_night_city\_compiled\default\exterior_-38_-2_0_0.streamingsector	0	-2402.854	-71.032	8.113	base\gameplay\devices\fast_travel\data_term_1.ent
base\worlds\03_night_city\_compiled\default\exterior_-38_1_0_0.streamingsector	0	-2393.804	88.893	12.247	base\gameplay\devices\fast_travel\data_term_1.ent
base\worlds\03_night_city\_compiled\default\exterior_-39_-9_0_0.streamingsector	0	-2439.789	-536.759	6.902	base\gameplay\devices\fast_travel\data_term_1.ent
base\worlds\03_night_city\_compiled\default\exterior_-39_55_0_0.streamingsector	0	-2496.54	3583.902	12.95	base\gameplay\devices\fast_travel\data_term_1.ent
base\worlds\03_night_city\_compiled\default\exterior_-3_-24_0_0.streamingsector	0	-187.885	-1498.153	7.666	base\gameplay\devices\fast_travel\data_term_1.ent
base\worlds\03_night_city\_compiled\default\exterior_-3_-2_0_0.streamingsector	0	-175.641	-83.403	7.201	base\gameplay\devices\fast_travel\data_term_1.ent
base\worlds\03_night_city\_compiled\default\exterior_-3_-32_0_0.streamingsector	0	-152.132	-2015.27	6.18	base\gameplay\devices\fast_travel\data_term_1.ent
base\worlds\03_night_city\_compiled\default\exterior_-3_-41_0_0.streamingsector	0	-175.441	-2612.342	28.604	base\gameplay\devices\fast_travel\data_term_1.ent
base\worlds\03_night_city\_compiled\default\exterior_-3_2_0_0.streamingsector	0	-130.462	128.717	12.395	base\gameplay\devices\fast_travel\fast_travel_gate_1.ent
base\worlds\03_night_city\_compiled\default\exterior_-3_2_0_0.streamingsector	0	-133.025	130.514	12.395	base\gameplay\devices\fast_travel\fast_travel_gate_1.ent
base\worlds\03_night_city\_compiled\default\exterior_-42_-39_0_0.streamingsector	0	-2658.186	-2488.381	18.038	base\gameplay\devices\fast_travel\data_term_1.ent
base\worlds\03_night_city\_compiled\default\exterior_-44_-85_1_0.streamingsector	0	-2811.016	-5434.22	96.818	base\gameplay\devices\fast_travel\data_term_1.ent
base\worlds\03_night_city\_compiled\default\exterior_-4_-14_0_0.streamingsector	0	-209.462	-852.193	7.64	base\gameplay\devices\fast_travel\data_term_1.ent
base\worlds\03_night_city\_compiled\default\exterior_-4_-77_1_0.streamingsector	0	-201.314	-4916.129	77.359	base\gameplay\devices\fast_travel\data_term_1.ent
base\worlds\03_night_city\_compiled\default\exterior_-4_4_0_0.streamingsector	0	-229.912	306.827	29.549	base\gameplay\devices\fast_travel\data_term_1.ent
base\worlds\03_night_city\_compiled\default\exterior_-55_-66_1_0.streamingsector	0	-3479.606	-4184.591	68.034	base\gameplay\devices\fast_travel\data_term_1.ent
base\worlds\03_night_city\_compiled\default\exterior_-5_17_1_0.streamingsector	0	-301.209	1088.126	65.655	base\gameplay\devices\fast_travel\data_term_1.ent
base\worlds\03_night_city\_compiled\default\exterior_-5_3_0_0.streamingsector	0	-304.26	222.737	28.84	base\gameplay\devices\fast_travel\data_term_1.ent
base\worlds\03_night_city\_compiled\default\exterior_-7_10_1_0.streamingsector	0	-387.578	701.942	114.99	base\gameplay\devices\fast_travel\data_term_1.ent
base\worlds\03_night_city\_compiled\default\exterior_-7_7_0_0.streamingsector	0	-419.271	483.923	30.247	base\gameplay\devices\fast_travel\data_term_1.ent
base\worlds\03_night_city\_compiled\default\exterior_-8_-12_0_0.streamingsector	0	-505.422	-760.396	7.43	base\gameplay\devices\fast_travel\data_term_1.ent
base\worlds\03_night_city\_compiled\default\exterior_-8_-29_0_0.streamingsector	0	-497.606	-1851.624	7.442	base\gameplay\devices\fast_travel\data_term_1.ent
base\worlds\03_night_city\_compiled\default\exterior_-8_21_0_0.streamingsector	0	-456.283	1401.882	37.284	base\gameplay\devices\fast_travel\data_term_1.ent
base\worlds\03_night_city\_compiled\default\exterior_-9_17_0_0.streamingsector	0	-526.515	1130.516	34.69	base\gameplay\devices\fast_travel\fast_travel_gate_1.ent
base\worlds\03_night_city\_compiled\default\exterior_-9_17_0_0.streamingsector	0	-532.463	1122.021	34.69	base\gameplay\devices\fast_travel\fast_travel_gate_1.ent
base\worlds\03_night_city\_compiled\default\exterior_-9_25_0_0.streamingsector	0	-519.661	1609.373	32.852	base\gameplay\devices\fast_travel\data_term_1.ent
base\worlds\03_night_city\_compiled\default\exterior_-9_29_0_0.streamingsector	0	-542.044	1856.396	36.304	base\gameplay\devices\fast_travel\data_term_1.ent
base\worlds\03_night_city\_compiled\default\exterior_-9_2_0_0.streamingsector	0	-576.27	191.824	22.27	base\gameplay\devices\fast_travel\fast_travel_gate_1.ent
base\worlds\03_night_city\_compiled\default\exterior_-9_3_0_0.streamingsector	0	-565.016	207.895	22.27	base\gameplay\devices\fast_travel\fast_travel_gate_1.ent
base\worlds\03_night_city\_compiled\default\exterior_-9_3_0_0.streamingsector	0	-566.783	205.372	22.27	base\gameplay\devices\fast_travel\fast_travel_gate_1.ent
base\worlds\03_night_city\_compiled\default\exterior_0_-31_0_0.streamingsector	0	59.337	-1926.511	2.517	base\gameplay\devices\fast_travel\data_term_1.ent
base\worlds\03_night_city\_compiled\default\exterior_0_-6_0_0.streamingsector	0	4.316	-344.058	8.244	base\gameplay\devices\fast_travel\data_term_1.ent
base\worlds\03_night_city\_compiled\default\exterior_10_-10_0_0.streamingsector	0	683.467	-592.349	9.96	base\gameplay\devices\fast_travel\data_term_1.ent
base\worlds\03_night_city\_compiled\default\exterior_10_-16_0_0.streamingsector	0	702.48	-980.239	28.837	base\gameplay\devices\fast_travel\data_term_1.ent
base\worlds\03_night_city\_compiled\default\exterior_12_-33_2_0.streamingsector	0	772.578	-2110.786	172.696	base\gameplay\devices\fast_travel\data_term_1.ent
base\worlds\03_night_city\_compiled\default\exterior_13_-47_3_0.streamingsector	0	879.585	-2990.628	204.612	base\gameplay\devices\fast_travel\data_term_1.ent
base\worlds\03_night_city\_compiled\default\exterior_14_-55_2_0.streamingsector	0	912.664	-3497.518	184.085	base\gameplay\devices\fast_travel\data_term_1.ent
base\worlds\03_night_city\_compiled\default\exterior_18_-10_0_0.streamingsector	0	1192.989	-592.519	32.618	base\gameplay\devices\fast_travel\data_term_1.ent
base\worlds\03_night_city\_compiled\default\exterior_19_-10_0_1.streamingsector	0	2458.49	-1279.409	63.631	base\gameplay\devices\fast_travel\data_term_1.ent
base\worlds\03_night_city\_compiled\default\exterior_1_-10_0_0.streamingsector	0	120.749	-632.462	7.582	base\gameplay\devices\fast_travel\data_term_1.ent
base\worlds\03_night_city\_compiled\default\exterior_1_-18_0_0.streamingsector	0	118.32	-1152.917	31.64	base\gameplay\devices\fast_travel\fast_travel_gate_1.ent
base\worlds\03_night_city\_compiled\default\exterior_1_-19_0_0.streamingsector	0	120.868	-1154.647	31.64	base\gameplay\devices\fast_travel\fast_travel_gate_1.ent
base\worlds\03_night_city\_compiled\default\exterior_22_-22_0_0.streamingsector	0	1443.098	-1370.658	51.34	base\gameplay\devices\fast_travel\data_term_1.ent
base\worlds\03_night_city\_compiled\default\exterior_25_-12_0_0.streamingsector	0	1633.786	-737.531	49.839	base\gameplay\devices\fast_travel\data_term_1.ent
base\worlds\03_night_city\_compiled\default\exterior_28_35_2_0.streamingsector	0	1801.795	2247.826	180.181	base\gameplay\devices\fast_travel\data_term_1.ent
base\worlds\03_night_city\_compiled\default\exterior_2_-18_0_0.streamingsector	0	133.662	-1136.989	31.62	base\gameplay\devices\fast_travel\fast_travel_gate_1.ent
base\worlds\03_night_city\_compiled\default\exterior_2_-18_0_0.streamingsector	0	147.287	-1146.242	31.62	base\gameplay\devices\fast_travel\fast_travel_gate_1.ent
base\worlds\03_night_city\_compiled\default\exterior_2_-18_0_0.streamingsector	0	149.852	-1147.983	31.62	base\gameplay\devices\fast_travel\fast_travel_gate_1.ent
base\worlds\03_night_city\_compiled\default\exterior_2_-18_0_0.streamingsector	0	131.073	-1135.23	31.62	base\gameplay\devices\fast_travel\fast_travel_gate_1.ent
base\worlds\03_night_city\_compiled\default\exterior_2_-19_0_0.streamingsector	0	160.081	-1181.277	31.64	base\gameplay\devices\fast_travel\fast_travel_gate_1.ent
base\worlds\03_night_city\_compiled\default\exterior_2_-19_0_0.streamingsector	0	134.543	-1163.934	31.64	base\gameplay\devices\fast_travel\fast_travel_gate_1.ent
base\worlds\03_night_city\_compiled\default\exterior_2_-19_0_0.streamingsector	0	157.508	-1179.53	31.64	base\gameplay\devices\fast_travel\fast_travel_gate_1.ent
base\worlds\03_night_city\_compiled\default\exterior_2_-19_0_0.streamingsector	0	172.8	-1163.568	31.62	base\gameplay\devices\fast_travel\fast_travel_gate_1.ent
base\worlds\03_night_city\_compiled\default\exterior_2_-19_0_0.streamingsector	0	186.45	-1172.838	31.62	base\gameplay\devices\fast_travel\fast_travel_gate_1.ent
base\worlds\03_night_city\_compiled\default\exterior_2_-19_0_0.streamingsector	0	173.747	-1190.558	31.64	base\gameplay\devices\fast_travel\fast_travel_gate_1.ent
base\worlds\03_night_city\_compiled\default\exterior_2_-19_0_0.streamingsector	0	170.236	-1161.826	31.62	base\gameplay\devices\fast_travel\fast_travel_gate_1.ent
base\worlds\03_night_city\_compiled\default\exterior_2_-19_0_0.streamingsector	0	137.107	-1165.675	31.64	base\gameplay\devices\fast_travel\fast_travel_gate_1.ent
base\worlds\03_night_city\_compiled\default\exterior_2_-19_0_0.streamingsector	0	176.303	-1192.294	31.64	base\gameplay\devices\fast_travel\fast_travel_gate_1.ent
base\worlds\03_night_city\_compiled\default\exterior_2_-19_0_0.streamingsector	0	189.023	-1174.585	31.62	base\gameplay\devices\fast_travel\fast_travel_gate_1.ent
base\worlds\03_night_city\_compiled\default\exterior_2_-5_0_0.streamingsector	0	191.459	-281.72	6.869	base\gameplay\devices\fast_travel\data_term_1.ent
base\worlds\03_night_city\_compiled\default\exterior_2_9_1_0.streamingsector	0	154.044	577.06	117.249	base\gameplay\devices\fast_travel\data_term_1.ent
base\worlds\03_night_city\_compiled\default\exterior_39_-2_1_0.streamingsector	0	2535.207	-96.259	81.407	base\gameplay\devices\fast_travel\data_term_1.ent
base\worlds\03_night_city\_compiled\default\exterior_3_16_3_0.streamingsector	0	222.004	1077.96	200.589	base\gameplay\devices\fast_travel\data_term_1.ent
base\worlds\03_night_city\_compiled\default\exterior_48_-35_2_0.streamingsector	0	3080.578	-2224.595	131.441	base\gameplay\devices\fast_travel\data_term_1.ent
base\worlds\03_night_city\_compiled\default\exterior_4_-23_0_0.streamingsector	0	311.639	-1420.298	15.11	base\gameplay\devices\fast_travel\data_term_1.ent
base\worlds\03_night_city\_compiled\default\exterior_4_12_2_0.streamingsector	0	283	799.809	146.62	base\gameplay\devices\fast_travel\data_term_1.ent
base\worlds\03_night_city\_compiled\default\exterior_50_9_1_0.streamingsector	0	3201.534	620.689	104.456	base\gameplay\devices\fast_travel\data_term_1.ent
base\worlds\03_night_city\_compiled\default\exterior_53_-6_2_0.streamingsector	0	3428.272	-361.902	134.071	base\gameplay\devices\fast_travel\data_term_1.ent
base\worlds\03_night_city\_compiled\default\exterior_55_-14_1_0.streamingsector	0	3583.229	-896.751	119.402	base\gameplay\devices\fast_travel\data_term_1.ent
base\worlds\03_night_city\_compiled\default\exterior_57_-27_1_0.streamingsector	0	3703.635	-1683.239	123.682	base\gameplay\devices\fast_travel\data_term_1.ent
base\worlds\03_night_city\_compiled\default\exterior_5_-27_0_0.streamingsector	0	364.357	-1688.581	9.439	base\gameplay\devices\fast_travel\data_term_1.ent
base\worlds\03_night_city\_compiled\default\exterior_67_-12_2_0.streamingsector	0	4348.063	-722.26	147.836	base\gameplay\devices\fast_travel\data_term_1.ent
base\worlds\03_night_city\_compiled\default\exterior_6_-34_0_0.streamingsector	0	435.624	-2147.921	14.605	base\gameplay\devices\fast_travel\data_term_1.ent
base\worlds\03_night_city\_compiled\default\exterior_70_-34_2_0.streamingsector	0	4539.932	-2133.152	183.202	base\gameplay\devices\fast_travel\data_term_1.ent
base\worlds\03_night_city\_compiled\default\exterior_77_-12_2_0.streamingsector	0	4963.213	-741.169	135.493	base\gameplay\devices\fast_travel\data_term_1.ent
base\worlds\03_night_city\_compiled\default\exterior_7_19_3_0.streamingsector	0	485.904	1223.149	229.254	base\gameplay\devices\fast_travel\data_term_1.ent
base\worlds\03_night_city\_compiled\default\exterior_9_-34_0_0.streamingsector	0	629.502	-2173.646	38.43	base\gameplay\devices\fast_travel\data_term_1.ent
